
ECU: BCB-OBC
Too many NO_DATA in a row (20). Skipping this ECU.
-- BCB-OBC: 0/19 values

ECU: DCM
Too many NO_DATA in a row (20). Skipping this ECU.
-- DCM: 0/19 values

ECU: EPS
Too many NO_DATA in a row (20). Skipping this ECU.
-- EPS: 0/19 values

ECU: EVC
      7EC.16.6180 PartNumber.LowerPart -> 207000909089.0
      7EC.56.6180 DiagnosticIdentificationCode -> 82.0
      7EC.64.6180 SupplierNumber.ITG -> 2502704.0
      7EC.88.6180 HardwareNumber.LowerPart -> 211261858357.0
     7EC.128.6180 SoftwareNumber -> 13394.0
     7EC.144.6180 EditionNumber -> 516.0
     7EC.160.6180 CalibrationNumber -> 2736.0
     7EC.176.6180 PartNumber.BasicPartList -> 35.0
     7EC.184.6180 HardwareNumber.BasicPartList -> 19.0
     7EC.192.6180 ApprovalNumber.BasicPartList -> 145.0
     7EC.200.6180 ManufacturerIdentificationCode -> 1.0
      7EC.16.6181 V.I.N -> 2.9357585258444954e+40
     7EC.152.6181 CRC -> 12595.0
      7EC.16.6184 ITG Supplier Number -> 3158065.0
      7EC.40.6184 Traceability Factory Code -> 70.0
      7EC.48.6184 Traceability Serial Number -> 1.0272508030921608e+28
      7EC.16.61B7 Configuration of Electrical Vehicle Networks -> 2.3800727166549754e+24
      7EC.16.61B8 List of Electrical Vehicle ECUs with After-sales diagnostic -> 2.3800727166549754e+24
      7EC.16.61EF Hardware Part Number 1 -> 48.0
      7EC.24.61EF Hardware Part Number 2 -> 48.0
      7EC.32.61EF Hardware Part Number 3 -> 48.0
      7EC.40.61EF Hardware Part Number 4 -> 48.0
      7EC.48.61EF Hardware Part Number 5 -> 33.0
      7EC.56.61EF Hardware Part Number 6 -> 48.0
      7EC.64.61EF Hardware Part Number 7 -> 48.0
      7EC.72.61EF Hardware Part Number 8 -> 48.0
      7EC.80.61EF Hardware Part Number 9 -> 48.0
      7EC.88.61EF Hardware Part Number 10 -> 48.0
      7EC.96.61EF Software Part Number 1 -> 48.0
     7EC.104.61EF Software Part Number 2 -> 48.0
     7EC.112.61EF Software Part Number 3 -> 34.0
     7EC.120.61EF Software Part Number 4 -> 48.0
     7EC.128.61EF Software Part Number 5 -> 48.0
     7EC.136.61EF Software Part Number 6 -> 48.0
     7EC.144.61EF Software Part Number 7 -> 48.0
     7EC.152.61EF Software Part Number 8 -> 48.0
     7EC.160.61EF Software Part Number 9 -> 48.0
     7EC.168.61EF Software Part Number 10 -> 48.0
      7EC.16.61F0 PartNumber.LowerPart -> 207000777761.0
      7EC.56.61F0 DiagnosticIdentificationCode -> 82.0
      7EC.64.61F0 SupplierNumber.ITG -> 2502704.0
      7EC.88.61F0 HardwareNumber.LowerPart -> 211261858357.0
     7EC.128.61F0 SoftwareNumber -> 13394.0
     7EC.144.61F0 EditionNumber -> 516.0
     7EC.160.61F0 CalibrationNumber -> 2736.0
     7EC.176.61F0 PartNumber.BasicPartList -> 35.0
     7EC.184.61F0 HardwareNumber.BasicPartList -> 0.0
     7EC.192.61F0 ApprovalNumber.BasicPartList -> 0.0
     7EC.200.61F0 ManufacturerIdentificationCode -> 1.0
      7EC.16.61FF ApprovalNumber.LowerPart -> 224214070049.0
      7EC.56.61FF ProgrammingSiteReference -> 353534493006.0
      7EC.96.61FF ProgrammingToolReference -> 361937126223.0
     7EC.136.61FF NumberOfReprogrammings -> 83.0
     7EC.144.61FF DateOfReprogramming -> 6226200.0
     7EC.168.61FF TimeOfReprogramming -> 1059.0
     7EC.184.61FF SaveMarking -> 39.0
     7EC.192.61FF CrcOfLogSave -> 2097.0
    7EC.24.622000 DIDs supported in range [$2001 - $2020] -> 124.0
    7EC.24.622001 ($2001) Battery Rack temperature -> 20.0
    7EC.24.622002 ($2002) State Of Charge (SOC) HV battery -> 59.300000000000004
    7EC.24.622004 ($2004) consolidated HV voltage -> 363.0
    7EC.24.622005 ($2005) Battery voltage 14v -> 13.200000000000001
    7EC.24.622006 ($2006) Total vehicle distance -> 46878.0
    7EC.24.62200B ($200B) Accelerator pedal voltage _ track 1 -> 752.0
    7EC.24.62200C ($200C) Accelerator pedal voltage _ track 2 -> 376.0
    7EC.31.62200E ($200E) Key state -> 0.0
    7EC.28.62200F ($200F) Brake pedal _ switches consolidation state -> 2.0
    7EC.24.622010 ($2010) Engine status -> 0.0
    7EC.24.622020 DIDs supported in range [$2021 - $2040] -> 76.0
    7EC.24.622021 ($2021) Sensors supply voltage 1 -> 5000.0
    7EC.24.622022 ($2022) Sensors supply voltage 2 -> 5000.0
    7EC.30.622025 ($2025) Brake pedal _ close active switch state -> 2.0
    7EC.30.622026 ($2026) Brake pedal _ open active switch state -> 2.0
    7EC.24.622035 ($2035) CCSL _ Cruise control speed setpoint -> 0.0
    7EC.24.622036 ($2036) Counter of inconsistencies between accelerator pedal and brake -> 0.0
    7EC.24.622039 ($2039) CCSL _ Steering wheel push buttons voltage -> 3994.0
    7EC.31.62203C ($203C) Cruise control OnOff button state -> 0.0
    7EC.31.62203F ($203F) Speed limiter OnOff button state -> 0.0
    7EC.24.622040 DIDs supported in range [$2041 - $2060] -> 0.0
    7EC.29.62204B ($204B) CCSL _ Steering wheel push buttons state -> 0.0
    7EC.29.62204C ($204C) CCSL _ Status -> 0.0
    7EC.29.62204D ($204D) CCSL - State of the failures which cause irreversible CC safety failure.2 -> 0.0
    7EC.30.62204D ($204D) CCSL - State of the failures which cause irreversible CC safety failure.1 -> 0.0
    7EC.31.62204D ($204D) CCSL - State of the failures which cause irreversible CC safety failure.0 -> 0.0
    7EC.27.62204E ($204E) CCSL - State of the reversible failures not due to CCSL which cause CCSL failure.4 -> 0.0
    7EC.28.62204E ($204E) CCSL - State of the reversible failures not due to CCSL which cause CCSL failure.3 -> 0.0
    7EC.29.62204E ($204E) CCSL - State of the reversible failures not due to CCSL which cause CCSL failure.2 -> 0.0
    7EC.30.62204E ($204E) CCSL - State of the reversible failures not due to CCSL which cause CCSL failure.1 -> 0.0
    7EC.31.62204E ($204E) CCSL - State of the reversible failures not due to CCSL which cause CCSL failure.0 -> 0.0
    7EC.25.62204F ($204F) CCSL - State of the reversible failures not due to CC which cause CC failure.6 -> 0.0
    7EC.27.62204F ($204F) CCSL - State of the reversible failures not due to CC which cause CC failure.4 -> 0.0
    7EC.28.62204F ($204F) CCSL - State of the reversible failures not due to CC which cause CC failure.3 -> 0.0
    7EC.30.62204F ($204F) CCSL - State of the reversible failures not due to CC which cause CC failure.1 -> 0.0
    7EC.31.62204F ($204F) CCSL - State of the reversible failures not due to CC which cause CC failure.0 -> 0.0
    7EC.31.622051 ($2051) Displayed vehicle speed unit -> 0.0
    7EC.31.62205B ($205B) Limp home activation state -> 0.0
    7EC.24.622060 DIDs supported in range [$2061 - $2080] -> 128.0
    7EC.31.62206E ($206E) Configuration _ Brake pedal _ open active switch -> 0.0
    7EC.26.622078 ($2078) CCSL - State of the causes for normal CCSL deactivation.5 -> 0.0
    7EC.27.622078 ($2078) CCSL - State of the causes for normal CCSL deactivation.4 -> 0.0
    7EC.28.622078 ($2078) CCSL - State of the causes for normal CCSL deactivation.3 -> 0.0
    7EC.29.622078 ($2078) CCSL - State of the causes for normal CCSL deactivation.2 -> 0.0
    7EC.30.622078 ($2078) CCSL - State of the causes for normal CCSL deactivation.1 -> 0.0
    7EC.31.622078 ($2078) CCSL - State of the causes for normal CCSL deactivation.0 -> 0.0
    7EC.25.622079 ($2079) CCSL - State of the system causes for normal CCSL deactivation.6 -> 0.0
    7EC.26.622079 ($2079) CCSL - State of the system causes for normal CCSL deactivation.5 -> 0.0
    7EC.27.622079 ($2079) CCSL - State of the system causes for normal CCSL deactivation.4 -> 0.0
    7EC.28.622079 ($2079) CCSL - State of the system causes for normal CCSL deactivation.3 -> 0.0
    7EC.29.622079 ($2079) CCSL - State of the system causes for normal CCSL deactivation.2 -> 0.0
    7EC.30.622079 ($2079) CCSL - State of the system causes for normal CCSL deactivation.1 -> 0.0
    7EC.31.622079 ($2079) CCSL - State of the system causes for normal CCSL deactivation.0 -> 0.0
    7EC.24.62207A ($207A) Maximum duration of resume button pressed -> 1.0
    7EC.24.62207B ($207B) Maximum duration of set + button pressed -> 3.0
    7EC.24.62207C ($207C) Maximum duration of set manus button pressed -> 3.0
    7EC.24.62207D ($207D) Maximum duration of suspend button pressed -> 0.0
    7EC.24.62207E ($207E) Maximum value of blocked button detection counter -> 1.0
    7EC.24.622080 DIDs supported in range [$2081 - $20A0] -> 128.0
    7EC.24.622120 DIDs supported in range [$2121-$2140] -> 128.0
    7EC.31.62212E ($212E) A crash occured and the diagnostic add-on strategy is frozen -> 0.0
    7EC.24.622160 DIDs supported in range [$2161 - $2180] -> 132.0
    7EC.31.622166 ($2166) External controls safety authorization flag -> 0.0
    7EC.24.622170 ($2170) CCSL - State of the system causes for normal CCSL deactivation (2nd byte).7 -> 0.0
    7EC.25.622170 ($2170) CCSL - State of the system causes for normal CCSL deactivation (2nd byte).6 -> 0.0
    7EC.26.622170 ($2170) CCSL - State of the system causes for normal CCSL deactivation (2nd byte).5 -> 0.0
    7EC.27.622170 ($2170) CCSL - State of the system causes for normal CCSL deactivation (2nd byte).4 -> 0.0
    7EC.28.622170 ($2170) CCSL - State of the system causes for normal CCSL deactivation (2nd byte).3 -> 0.0
    7EC.29.622170 ($2170) CCSL - State of the system causes for normal CCSL deactivation (2nd byte).2 -> 0.0
    7EC.30.622170 ($2170) CCSL - State of the system causes for normal CCSL deactivation (2nd byte).1 -> 0.0
    7EC.31.622170 ($2170) CCSL - State of the system causes for normal CCSL deactivation (2nd byte).0 -> 0.0
    7EC.24.622180 DIDs supported in range [$2181 - $21A0] -> 16.0
    7EC.24.622184 ($2184) Requested speed setpoint for FSL function -> 200.0
    7EC.24.622220 DIDs supported in range [$2221 - $2240] -> 63.0
    7EC.31.622221 ($2221) Brake pedal states validity indicator is in the limp home data status -> 0.0
    7EC.31.622223 ($2223) Engine control request for cruise control abnormal deactivation -> 0.0
    7EC.31.622224 ($2224) Engine control request for cruise control system deactivation -> 0.0
    7EC.31.622226 ($2226) Displayed vehicle speed received on the CAN network not available after a filtering time -> 0.0
    7EC.31.622227 ($2227) Engine control request for speed limiter abnormal deactivation -> 0.0
    7EC.31.622228 ($2228) Engine control request for speed limiter system deactivation -> 0.0
    7EC.31.62222B ($222B) Automatic or manual parking brake detected -> 0.0
    7EC.31.62222F ($222F) Authorization to connect cruise control and speed limiter options -> 0.0
    7EC.31.622230 ($2230) ABS in regulation -> 0.0
    7EC.31.622231 ($2231) Authorized ASR torque request -> 0.0
    7EC.31.622232 ($2232) AYC in regulation -> 0.0
    7EC.31.622233 ($2233) Request to turn the brake lights on (1) during regenerative braking -> 0.0
    7EC.31.622234 ($2234) PTC accessories activation flag. -> 0.0
    7EC.31.622235 ($2235) Flag indicating that a MSR torque request is being applied -> 0.0
    7EC.29.622238 ($2238) Gear level position -> 1.0
    7EC.24.62223A ($223A) Force demand at the wheels (output of the drivers' arbitration) -> 1200.0
    7EC.24.62223C ($223C) ASR setpoint torque sent to torque arbitration -> 1647.0
    7EC.24.62223F ($223F) Force demand derived from accelerator pedal position -> 1200.0
    7EC.28.622244 ($2244) Lever position word -> 0.0
    7EC.24.622248 ($2248) Force demand (at the wheels) when powertrain setpoint is equal to zero -> 1200.0
    7EC.24.622249 ($2249)Force demand(at the wheels)when PWT setpoint is 0 -> 1200.0
    7EC.24.62224A ($224A) Voltage measure of main relay (VBR) -> 13.281700299999999
    7EC.30.62224B ($224B) Data used to validated a detection of braking -> 0.0
    7EC.30.62224C ($224C) Gear lever position validity flag -> 1.0
    7EC.30.62224D ($224D) METS Vehicle speed validity flag -> 1.0
    7EC.30.62224E ($224E) Engine speed validity flag from ECC -> 1.0
    7EC.24.622500 DIDs supported in range [$2501 - $2520] -> 128.0
    7EC.24.622860 DIDs supported in range [$2861 - $2880] -> 128.0
    7EC.24.622875 ($2875) External controls denial status flag.7 -> 0.0
    7EC.25.622875 ($2875) External controls denial status flag.6 -> 0.0
    7EC.26.622875 ($2875) External controls denial status flag.5 -> 0.0
    7EC.27.622875 ($2875) External controls denial status flag.4 -> 0.0
    7EC.28.622875 ($2875) External controls denial status flag.3 -> 0.0
    7EC.29.622875 ($2875) External controls denial status flag.2 -> 0.0
    7EC.30.622875 ($2875) External controls denial status flag.1 -> 0.0
    7EC.31.622875 ($2875) External controls denial status flag.0 -> 0.0
    7EC.24.622C00 DIDs supported in range [$2C01 - $2C20] -> 144.0
    7EC.29.622C04 ($2C04) Current gear engaged -> 0.0
    7EC.24.622C20 DIDs supported in range [$2C21 - $2C40] -> 128.0
    7EC.31.622C2C ($2C2C) Kick down state -> 0.0
    7EC.24.623000 DIDs supported in range [$3001 - $3020] -> 7.0
    7EC.30.623001 ($3001) Verlog state -> 2.0
    7EC.30.623006 ($3006) HV Network discharge request -> 1.0
    7EC.31.623007 ($3007) HV Network discharge Feedback -> 0.0
    7EC.24.623008 ($3008) HV PEB voltage measure -> 361.5
    7EC.24.623020 DIDs supported in range [$3021 - $3040] -> 249.0
    7EC.24.623023 ($3023) 14V voltage request -> 13.55
    7EC.24.623024 ($3024) 14V DCDC voltage measure -> 13.5
    7EC.24.623025 ($3025) 14V DCDC current measure -> 5.0
    7EC.24.623028 ($3028) DCDC Load -> 1.953125
    7EC.25.623029 ($3029) DCDC temperature indicator -> 49.0
    7EC.30.62302A ($302A) General DCDC state -> 2.0
    7EC.24.623040 DIDs supported in range [$3041 - $3060] -> 234.0
    7EC.24.623047 ($3047) INV temperature indicator -> 24.12
    7EC.24.623100 DIDs supported in range [$3101 - $3120] -> 51.0
    7EC.29.623101 ($3101) Charger Bloc state -> 1.0
    7EC.30.623107 ($3107) Charge current limitation -> 2.0
    7EC.25.623109 ($3109) BCB water temperature -> 37.0
    7EC.24.62310A ($310A) BCB internal temperature -> 49.0
    7EC.30.62310B ($310B) interlock connection HV Bat -> 2.0
    7EC.30.62310D ($310D) Interlock JB cover -> 2.0
    7EC.30.62310E ($310E) Interlock JB Charge -> 2.0
    7EC.24.623110 ($3110) Charge current measure -> 0.0
    7EC.31.623111 ($3111) Quick charge start -> 0.0
    7EC.31.623112 ($3112) Quick charge stop -> 0.0
    7EC.24.623113 ($3113) Quick charge current request -> 0.0
    7EC.24.623200 DIDs supported in range [$3201 - $3220] -> 117.0
    7EC.29.623201 ($3201) LBC mode request -> 5.0
    7EC.29.623202 ($3202) LBC fonctionning state -> 1.0
    7EC.24.623203 ($3203) HV LBC voltage measure -> 362.5
    7EC.24.623204 ($3204) HV LBC current measure -> -6143.0625
    7EC.24.623206 ($3206) State Of Health (SOH) HV battery -> 90.0
    7EC.30.623208 ($3208) Caution flag state -> 0.0
    7EC.30.623209 ($3209) Failure flag state -> 1.0
    7EC.24.62320A ($320A) Available discharge power -> 100.0
    7EC.24.62320B ($320B) Available charge power -> 43.0
    7EC.24.62320C ($320C) Available discharge Energy -> 21.345
    7EC.31.62320D ($320D) Saving of the state of the interlocks.8 -> 0.0
    7EC.24.623300 DIDs supported in range [$3301 - $3320] -> 67.0
    7EC.24.623301 ($3301) USM 14V Voltage measure (from CAN) -> 13.5625
    7EC.24.623307 ($3307) Heat water temperature -> 20.0
    7EC.30.623308 ($3308) HV relay connection state -> 2.0
    7EC.31.62330B ($330B) HV Battery relay A request -> 0.0
    7EC.30.62330C ($330C) HV Network Insulation level -> 0.0
    7EC.31.62330D ($330D) 14V Unballasting request -> 0.0
    7EC.31.623311 ($3311) Heater switch state -> 0.0
    7EC.31.623312 ($3312) Hot switch state -> 0.0
    7EC.31.623313 ($3313) Cold switch state -> 0.0
    7EC.30.623317 ($3317) QuickDrop lock global state -> 2.0
    7EC.24.623318 ($3318) Driving pump Feedback -> 21.0
    7EC.24.623319 ($3319) Charge pump Feedback -> 0.0
    7EC.24.62331A ($331A) Heat pump Feedback -> 0.0
    7EC.31.62331D ($331D) Pulser relay request -> 0.0
    7EC.31.62331E ($331E) Heater request -> 0.0
    7EC.31.623322 ($3322) Heater led state -> 0.0
    7EC.31.623325 ($3325) Shiftlock request -> 0.0
    7EC.25.623326 ($3326) Driving pump Request -> 20.0
    7EC.25.623327 ($3327) Charge pump Request -> 10.0
    7EC.25.623328 ($3328) Heat pump Request -> 10.0
    7EC.31.62332A ($332A) Fan cabin status -> 0.0
    7EC.29.62332B ($332B) ETS state -> 2.0
    7EC.29.62332C ($332C) Start refuse Reason -> 0.0
    7EC.31.62332E ($332E) PowerTrain functionning Authorization -> 0.0
    7EC.30.62332F ($332F) Thermal Comfort functionning Authorization -> 0.0
    7EC.30.623330 ($3330) Charge Management functionning Authorization -> 1.0
    7EC.30.623331 ($3331) PreHeating functionning Authorization -> 0.0
    7EC.30.623332 ($3332) Electrical Machine functionning Authorization -> 1.0
    7EC.30.623335 ($3335) 1st level insulation Alert MMI request -> 1.0
    7EC.30.623336 ($3336) 2nd level insulation Alert MMI request -> 1.0
    7EC.30.623337 ($3337) ETS Alert MMI request -> 1.0
    7EC.30.623338 ($3338) Motor Alert MMI request -> 1.0
    7EC.30.62333A ($333A) Low Battery 14V MMI request -> 0.0
    7EC.31.62333D ($333D) Brake assist pump state -> 0.0
    7EC.24.623340 DIDs supported in range [$3341 - $3360] -> 129.0
    7EC.24.623348 ($3348) PTC request -> 0.0
    7EC.24.623349 ($3349) Time Counter for the driving WEP in Low Speed -> 25563926.0
    7EC.24.62334A ($334A) Time Counter for the driving WEP in Middle Speed -> 100574.0
    7EC.24.62334B ($334B) Time Counter for the driving WEP in High Speed -> 6033620.0
    7EC.24.623351 ($3351) Time Counter for the Cooling fan in Low Speed -> 1.0
    7EC.24.623353 ($3353) Time Counter for the Cooling fan in High Speed -> 32167501.0
    7EC.24.623355 ($3355) Time Counter for the PEB temperature in driving mode below 40 degrees celcius -> 20898.0
    7EC.24.623356 ($3356) Time Counter for the PEB temperature in driving mode between 40 degrees celcius and 50 degrees celcius -> 16653910.0
    7EC.24.623357 ($3357) Time Counter for the PEB temperature in driving mode between 50degrees celcius and 60degrees celcius -> 4318978.0
    7EC.24.623358 ($3358) Time Counter for the PEB temperature in driving mode between 60degrees celcius and 70degrees celcius -> 93665.0
    7EC.24.623359 ($3359) Time Counter for the PEB temperature in driving mode above 70 degrees celcius -> 16531.0
    7EC.24.62335A ($335A) Time Counter for the PEB temperature in load mode below 40 degrees celcius -> 6457.0
    7EC.24.62335B ($335B) Time Counter for the PEB temperature in load mode between 40 degrees celcius and 50 degrees celcius -> 1926681.0
    7EC.24.62335C ($335C) Time Counter for the PEB temperature in load mode between 50 degrees celcius and 60 degrees celcius -> 1374203.0
    7EC.24.62335D ($335D) Time Counter for the PEB temperature in load mode between 60 degrees celcius and 70 degrees celcius -> 1431525.0
    7EC.24.62335E ($335E) Time Counter for the PEB temperature in load mode above 70 degrees celcius -> 5849811.0
    7EC.24.623363 ($3363) Time Counter for the BCB temperature in driving mode between 60 degrees celcius and 70 degrees celcius -> 24836.0
    7EC.24.623364 ($3364) Time Counter for the BCB temperature in driving mode above 70 degrees celcius -> 6.0
    7EC.24.623366 ($3366) Time Counter for the BCB temperature in load mode between 40 degrees celcius and 50 degrees celcius -> 2543971.0
    7EC.24.623367 ($3367) Time Counter for the BCB temperature in load mode between 50 degrees celcius and 60 degrees celcius -> 554469.0
    7EC.24.623368 ($3368) Time Counter for the BCB temperature in load mode between 60 degrees celcius and 70 degrees celcius -> 6120875.0
    7EC.24.623369 ($3369) Time Counter for the BCB temperature in load mode above 70 degrees celcius -> 1369364.0
    7EC.24.62336A ($336A) Maximale value of PEB temperature -> 85.0
    7EC.24.62336B ($336B) Maximale value of BCB temperature -> 78.0
    7EC.24.623371 ($3371) Pressure value max in the booster during failure confirmation time -> 1270.0
    7EC.24.623372 ($3372) Current pressure in the mastervac -> 1270.0
    7EC.30.623374 ($3374) The most critical state of the Brake assist system when a failure has been confirmed -> 0.0
    7EC.24.623375 ($3375) Memorized reason of Starting Refuse for Start Refuse History elaboration.4 -> 1.0
    7EC.32.623375 ($3375) Memorized reason of Starting Refuse for Start Refuse History elaboration.3 -> 1.0
    7EC.40.623375 ($3375) Memorized reason of Starting Refuse for Start Refuse History elaboration.2 -> 6.0
    7EC.48.623375 ($3375) Memorized reason of Starting Refuse for Start Refuse History elaboration.1 -> 33.0
    7EC.56.623375 ($3375) Memorized reason of Starting Refuse for Start Refuse History elaboration.0 -> 1.0
    7EC.24.623376 ($3376) Measure of the freon pressure -> 5.0
    7EC.30.623377 ($3377) AC compressor Interlock State -> 2.0
    7EC.30.623378 ($3378) Interlock HV battery -> 2.0
    7EC.30.623379 ($3379) Interlock of PTCs -> 0.0
    7EC.24.62337D ($337D) Context not safety datas microcontroller memorised carrier 1.7-Internal diag Stop Light Relay -> 0.0
    7EC.25.62337D ($337D) Context not safety datas microcontroller memorised carrier 1.6-Internal diag Water Cooling Valve -> 0.0
    7EC.26.62337D ($337D) Context not safety datas microcontroller memorised carrier 1.5-Internal diag Shift Lock -> 0.0
    7EC.27.62337D ($337D) Context not safety datas microcontroller memorised carrier 1.4-Internal diag RELAY N -> 0.0
    7EC.28.62337D ($337D) Context not safety datas microcontroller memorised carrier 1.3-Internal diag RELAY P -> 0.0
    7EC.29.62337D ($337D) Context not safety datas microcontroller memorised carrier 1.2-Internal diag RELAY A -> 0.0
    7EC.30.62337D ($337D) Context not safety datas microcontroller memorised carrier 1.1 -> 0.0
    7EC.31.62337D ($337D) Context not safety datas microcontroller memorised carrier 1.0-diagnostic of NVMY -> 0.0
    7EC.24.623381 ($3381) Context safty datas memorised in Safety microcontroller -> 0.0
    7EC.24.623382 ($3382) AC compressor Error Bits Recordings.-5 -> 34.0
    7EC.40.623382 ($3382) AC compressor Error Bits Recordings.-4 -> 33.0
    7EC.56.623382 ($3382) AC compressor Error Bits Recordings.-3 -> 8704.0
    7EC.72.623382 ($3382) AC compressor Error Bits Recordings.-2 -> 8704.0
    7EC.88.623382 ($3382) AC compressor Error Bits Recordings.-1.15 Under_voltage_HV -> 0.0
    7EC.89.623382 ($3382) AC compressor Error Bits Recordings.-1.14 Over_voltage_HV -> 0.0
    7EC.91.623382 ($3382) AC compressor Error Bits Recordings.-1.12 Voltage_Restriction -> 0.0
    7EC.92.623382 ($3382) AC compressor Error Bits Recordings.-1.11 Internal_communication_error -> 0.0
    7EC.93.623382 ($3382) AC compressor Error Bits Recordings.-1.10 Over_heat_warning -> 0.0
    7EC.95.623382 ($3382) AC compressor Error Bits Recordings.-1.08 Short_Circuit -> 0.0
    7EC.96.623382 ($3382) AC compressor Error Bits Recordings.-1.07 Open_contact -> 0.0
    7EC.97.623382 ($3382) AC compressor Error Bits Recordings.-1.06 Current_sensor_Error -> 0.0
    7EC.98.623382 ($3382) AC compressor Error Bits Recordings.-1.05 Over_load -> 0.0
    7EC.99.623382 ($3382) AC compressor Error Bits Recordings.-1.04 Over_heat -> 0.0
   7EC.100.623382 ($3382) AC compressor Error Bits Recordings.-1.03 Abnormal_Run_up -> 0.0
   7EC.101.623382 ($3382) AC compressor Error Bits Recordings.-1.02 High_Voltage_error -> 0.0
   7EC.102.623382 ($3382) AC compressor Error Bits Recordings.-1.00 CI_Error_Status -> 0.0
    7EC.26.623383 ($3383) Reasons of cut off PTCs.-5 -> 0.0
    7EC.32.623383 ($3383) Reasons of cut off PTCs.-4 -> 0.0
    7EC.38.623383 ($3383) Reasons of cut off PTCs.-3 -> 0.0
    7EC.44.623383 ($3383) Reasons of cut off PTCs.-2 -> 0.0
    7EC.50.623383 ($3383) Reasons of cut off PTCs.-1 -> 33.0
    7EC.51.623383 ($3383) Reasons of cut off PTCs.-1.4 Error PTC stage 3 -> 0.0
    7EC.52.623383 ($3383) Reasons of cut off PTCs.-1.3 Error PTC stage 2 -> 0.0
    7EC.53.623383 ($3383) Reasons of cut off PTCs.-1.2 Error PTC stage 1 -> 0.0
    7EC.54.623383 ($3383) Reasons of cut off PTCs.-1.1 Under Voltage -> 0.0
    7EC.24.623384 ($3384) Mission counter without driver door transition -> 0.0
    7EC.28.623387 ($3387) Brake pedal state during diagnostic confirmation -> 1.0
    7EC.31.623388 ($3388) Bcb Activation failed Flag : charge or pre_heating not authorized any more -> 0.0
    7EC.31.62338A ($338A) Customer WakeUp flag after internal processing -> 0.0
    7EC.31.62338C ($338C) ComfortMode failed and ended after confirmed non HV relays connexion -> 0.0
    7EC.31.62338D ($338D) Comfort mode disabled -> 0.0
    7EC.31.62338E ($338E) Indicates the status of the driver door of the vehicle -> 0.0
    7EC.31.62338F ($338F) Driving Restart flag (after EVC reset) -> 0.0
    7EC.31.623390 ($3390) EVC reset flag for HV connexion after EVC reset management -> 0.0
    7EC.31.623392 ($3392) 400 V Battery Cooling Needed flag -> 0.0
    7EC.31.623393 ($3393) HV Network Power cut request -> 0.0
    7EC.31.623394 ($3394) Flag for LBC Actual status(= to 1 when LBC status is Driving ). AfterK_BHVStateConfirmed_status processing -> 0.0
    7EC.31.623397 ($3397) Gaz Heater Activation Authorisation flag -> 0.0
    7EC.31.623398 ($3398) HV Battery cooling Authorisation flag -> 0.0
    7EC.31.623399 ($3399) Quick Drop flag memorisation (EEPROM memorisation) -> 0.0
    7EC.31.62339B ($339B) Front passenger door state from CANV -> 0.0
    7EC.31.62339C ($339C) PEB status after internal processing -> 0.0
    7EC.31.62339E ($339E) Quick drop condition is active -> 0.0
    7EC.31.62339F ($339F) Soc authorisation for pre_heating authorisation during charge -> 0.0
    7EC.31.6233A1 ($33A1) BCM absent and vehicle stopped flag : driving interruptiion -> 0.0
    7EC.31.6233A2 ($33A2) Button AC from the cluster (X61) or AC request from CAREG (L38) -> 0.0
    7EC.31.6233A3 ($33A3) For L38 vehicule -> 0.0
    7EC.24.6233A4 ($33A4) Measure of the speed of the cabin blower -> 0.0
    7EC.29.6233A6 ($33A6) AC compressor DTC Rootcause -> 0.0
    7EC.24.6233A7 ($33A7) AC compressor Power Consumption Estimation -> 0.0
    7EC.24.6233A8 ($33A8) Request of FAN activation from the thermal comfort -> 0.0
    7EC.31.6233AA ($33AA) Minimum gasoline Level indicator in the tank supplying the heater -> 0.0
    7EC.29.6233AB ($33AB) State of PreHeating to display -> 0.0
    7EC.30.6233AC ($33AC) Status of pre_heating sent to Manage ETS -> 0.0
    7EC.26.6233AD ($33AD) Computation of PTC defaults.5 -> 0.0
    7EC.27.6233AD ($33AD) Computation of PTC defaults.4 -> 0.0
    7EC.28.6233AD ($33AD) Computation of PTC defaults.3 -> 0.0
    7EC.29.6233AD ($33AD) Computation of PTC defaults.2 -> 0.0
    7EC.30.6233AD ($33AD) Computation of PTC defaults.1 -> 0.0
    7EC.31.6233AD ($33AD) Computation of PTC defaults.0 -> 0.0
    7EC.24.6233B0 ($33B0) evaporator temperature setpoint for compressor control -> 2.0
    7EC.24.6233B1 ($33B1) CAN signal for external temperature of the vehicle. -> 18.0
    7EC.24.6233B3 ($33B3) water temperature setpoint for PTC control -> 30.0
    7EC.30.6233B6 ($33B6) Charge Management status for ETS -> 1.0
    7EC.30.6233B7 ($33B7) Technical WakeUp type -> 2.0
    7EC.30.6233B8 ($33B8) Confirmation of the state of the battery from ManageHVBattery -> 1.0
    7EC.30.6233B9 ($33B9) Start_up Authorisation _ Anti_kick off management -> 1.0
    7EC.30.6233BA ($33BA) Indicates if the external power supply is present and the type of power supply -> 1.0
    7EC.30.6233BC ($33BC) HV connection request from LBC -> 1.0
    7EC.30.6233BD ($33BD) Plug status validity flag -> 1.0
    7EC.30.6233BE ($33BE) LBC sleep mode request -> 0.0
    7EC.29.6233BF ($33BF) HV connection request -> 3.0
    7EC.30.6233C1 ($33C1) K_StartingMode_BCM_req input validity state -> 1.0
    7EC.29.6233C2 ($33C2) IVLD of the signal Pct_UserSOC_bhv_est -> 1.0
    7EC.29.6233C3 ($33C3) PEB status from CAN ETS -> 0.0
    7EC.30.6233C4 ($33C4) Preheating requested by the vehicle -> 0.0
    7EC.30.6233C5 ($33C5) ETS System Sleeping authorisation synthesis -> 1.0
    7EC.30.6233C6 ($33C6) Electrical Motor state requested bu user and build by the BCM -> 0.0
    7EC.29.6233C7 ($33C7) Driver requests synthesis -> 2.0
    7EC.31.6233C9 ($33C9) High level failure in the BCB -> 0.0
    7EC.31.6233CA ($33CA) Low level failure in the BCB. -> 0.0
    7EC.31.6233CB ($33CB) This flag from Charge Management indicates that a charge is finished. -> 0.0
    7EC.31.6233CC ($33CC) Request for the Gasoline heater relay -> 0.0
    7EC.31.6233CD ($33CD) Request of Hvac power Relay -> 0.0
    7EC.31.6233CE ($33CE) Software failure detected in the quick charge stateflow -> 0.0
    7EC.31.6233CF ($33CF) Specific failure during the quick charge -> 0.0
    7EC.31.6233D0 ($33D0) This signal indicates that a quick drop is finished -> 0.0
    7EC.31.6233D1 ($33D1) Specific failure during slow charge or zero ampere mode -> 0.0
    7EC.31.6233D3 ($33D3) BPLC spot presence status to be read by diag tool.9 -> 0.0
    7EC.39.6233D3 ($33D3) BPLC spot presence status to be read by diag tool.8 -> 0.0
    7EC.47.6233D3 ($33D3) BPLC spot presence status to be read by diag tool.7 -> 0.0
    7EC.63.6233D3 ($33D3) BPLC spot presence status to be read by diag tool.5 -> 0.0
    7EC.71.6233D3 ($33D3) BPLC spot presence status to be read by diag tool.4 -> 0.0
    7EC.79.6233D3 ($33D3) BPLC spot presence status to be read by diag tool.3 -> 0.0
    7EC.87.6233D3 ($33D3) BPLC spot presence status to be read by diag tool.2 -> 0.0
    7EC.95.6233D3 ($33D3) BPLC spot presence status to be read by diag tool.1 -> 0.0
   7EC.103.6233D3 ($33D3) BPLC spot presence status to be read by diag tool.0 -> 0.0
    7EC.24.6233D4 ($33D4) Total travelled distance to be read by diag tool.9 -> 46587.0
    7EC.48.6233D4 ($33D4) Total travelled distance to be read by diag tool.8 -> 2162869.0
    7EC.72.6233D4 ($33D4) Total travelled distance to be read by diag tool.7 -> 16449717.0
    7EC.96.6233D4 ($33D4) Total travelled distance to be read by diag tool.6 -> 16449570.0
   7EC.120.6233D4 ($33D4) Total travelled distance to be read by diag tool.5 -> 11926272.0
   7EC.144.6233D4 ($33D4) Total travelled distance to be read by diag tool.4 -> 11927552.0
   7EC.168.6233D4 ($33D4) Total travelled distance to be read by diag tool.3 -> 11936667.0
   7EC.192.6233D4 ($33D4) Total travelled distance to be read by diag tool.2 -> 46842.0
   7EC.216.6233D4 ($33D4) Total travelled distance to be read by diag tool.1 -> 46878.0
   7EC.240.6233D4 ($33D4) Total travelled distance to be read by diag tool.0 -> 2359479.0
    7EC.24.6233D5 ($33D5) Reason of end of charge to be read by diag tool.9 -> 2.0
    7EC.32.6233D5 ($33D5) Reason of end of charge to be read by diag tool.8 -> 2.0
    7EC.40.6233D5 ($33D5) Reason of end of charge to be read by diag tool.7 -> 2.0
    7EC.48.6233D5 ($33D5) Reason of end of charge to be read by diag tool.6 -> 33.0
    7EC.56.6233D5 ($33D5) Reason of end of charge to be read by diag tool.5 -> 1.0
    7EC.64.6233D5 ($33D5) Reason of end of charge to be read by diag tool.4 -> 1.0
    7EC.72.6233D5 ($33D5) Reason of end of charge to be read by diag tool.3 -> 1.0
    7EC.80.6233D5 ($33D5) Reason of end of charge to be read by diag tool.2 -> 1.0
    7EC.88.6233D5 ($33D5) Reason of end of charge to be read by diag tool.1 -> 2.0
    7EC.96.6233D5 ($33D5) Reason of end of charge to be read by diag tool.0 -> 2.0
    7EC.24.6233D6 ($33D6) Type of charge to be read by diag tool.9 -> 0.0
    7EC.32.6233D6 ($33D6) Type of charge to be read by diag tool.8 -> 0.0
    7EC.40.6233D6 ($33D6) Type of charge to be read by diag tool.7 -> 0.0
    7EC.48.6233D6 ($33D6) Type of charge to be read by diag tool.6 -> 33.0
    7EC.56.6233D6 ($33D6) Type of charge to be read by diag tool.5 -> 0.0
    7EC.64.6233D6 ($33D6) Type of charge to be read by diag tool.4 -> 0.0
    7EC.72.6233D6 ($33D6) Type of charge to be read by diag tool.3 -> 0.0
    7EC.80.6233D6 ($33D6) Type of charge to be read by diag tool.2 -> 0.0
    7EC.88.6233D6 ($33D6) Type of charge to be read by diag tool.1 -> 0.0
    7EC.96.6233D6 ($33D6) Type of charge to be read by diag tool.0 -> 0.0
    7EC.24.6233D7 ($33D7) State of charge (UserSOC) to be read by diag tool.9 -> 37.4
    7EC.40.6233D7 ($33D7) State of charge (UserSOC) to be read by diag tool.8 -> 6.6000000000000005
    7EC.56.6233D7 ($33D7) State of charge (UserSOC) to be read by diag tool.7 -> 9574.4
    7EC.72.6233D7 ($33D7) State of charge (UserSOC) to be read by diag tool.6 -> 9932.800000000001
    7EC.88.6233D7 ($33D7) State of charge (UserSOC) to be read by diag tool.5 -> 10189.0
   7EC.104.6233D7 ($33D7) State of charge (UserSOC) to be read by diag tool.4 -> 7789.200000000001
   7EC.120.6233D7 ($33D7) State of charge (UserSOC) to be read by diag tool.3 -> 74.60000000000001
   7EC.136.6233D7 ($33D7) State of charge (UserSOC) to be read by diag tool.2 -> 72.60000000000001
   7EC.152.6233D7 ($33D7) State of charge (UserSOC) to be read by diag tool.1 -> 53.2
   7EC.168.6233D7 ($33D7) State of charge (UserSOC) to be read by diag tool.0 -> 58.2
    7EC.24.6233D8 ($33D8) Battery temperature to be read by diag tool.9 -> 25.0
    7EC.32.6233D8 ($33D8) Battery temperature to be read by diag tool.8 -> 25.0
    7EC.40.6233D8 ($33D8) Battery temperature to be read by diag tool.7 -> 26.0
    7EC.48.6233D8 ($33D8) Battery temperature to be read by diag tool.6 -> -7.0
    7EC.56.6233D8 ($33D8) Battery temperature to be read by diag tool.5 -> 26.0
    7EC.64.6233D8 ($33D8) Battery temperature to be read by diag tool.4 -> 25.0
    7EC.72.6233D8 ($33D8) Battery temperature to be read by diag tool.3 -> 23.0
    7EC.80.6233D8 ($33D8) Battery temperature to be read by diag tool.2 -> 23.0
    7EC.88.6233D8 ($33D8) Battery temperature to be read by diag tool.1 -> 19.0
    7EC.96.6233D8 ($33D8) Battery temperature to be read by diag tool.0 -> 19.0
    7EC.24.6233D9 ($33D9) Total duration of the charge sequence to be read by diag tool.9 -> 0.0
    7EC.40.6233D9 ($33D9) Total duration of the charge sequence to be read by diag tool.8 -> 33.0
    7EC.56.6233D9 ($33D9) Total duration of the charge sequence to be read by diag tool.7 -> 0.0
    7EC.72.6233D9 ($33D9) Total duration of the charge sequence to be read by diag tool.6 -> 6400.0
    7EC.88.6233D9 ($33D9) Total duration of the charge sequence to be read by diag tool.5 -> 1537.0
   7EC.104.6233D9 ($33D9) Total duration of the charge sequence to be read by diag tool.4 -> 45090.0
   7EC.120.6233D9 ($33D9) Total duration of the charge sequence to be read by diag tool.3 -> 472.0
   7EC.136.6233D9 ($33D9) Total duration of the charge sequence to be read by diag tool.2 -> 619.0
   7EC.152.6233D9 ($33D9) Total duration of the charge sequence to be read by diag tool.1 -> 0.0
   7EC.168.6233D9 ($33D9) Total duration of the charge sequence to be read by diag tool.0 -> 35.0
    7EC.24.6233DB ($33DB) Memorized value of domestic energy consumption -> 16.0
    7EC.24.6233DD ($33DD) This variable allows to memorize the reseted energy consumed -> 119.99000000000001
    7EC.29.6233E2 ($33E2) Flow that requests the BCB to make available certain functionalities -> 1.0
    7EC.28.6233E3 ($33E3) Status of Manage HV Battery Master Stateflow -> 5.0
    7EC.30.6233E4 ($33E4) Cooling Management status answering to cooling request from Manage ETS -> 0.0
    7EC.28.6233E5 ($33E5) Charge WEP Feedback Diag -> 0.0
    7EC.28.6233E6 ($33E6) Driving WEP Feedback Diag -> 0.0
    7EC.30.6233E8 ($33E8) JB_AC Interlock status -> 2.0
    7EC.30.6233E9 ($33E9) JB_PTC Interlock status -> 2.0
    7EC.29.6233EA ($33EA) CAN signal for the status of the plugs connection -> 2.0
    7EC.29.6233EC ($33EC) Different states of CM master stateflow -> 3.0
    7EC.29.6233ED ($33ED) Different states of quick charge management stateflow -> 0.0
    7EC.24.6233EE ($33EE) Resistance insulation value -> 999900.0
    7EC.29.6233EF ($33EF) Different states of slow charge management stateflow -> 2.0
    7EC.30.6233F0 ($33F0) Different states of the stand_by management stateflow -> 0.0
    7EC.24.6233F1 ($33F1) Electrical Machine normalised temperature -> 9.96
    7EC.24.6233F2 ($33F2) High Voltage Battery maximal Temperature -> 21.0
    7EC.24.6233F5 ($33F5) Cooling Temperature dcdc mesured -> 0.0
    7EC.24.6233F6 ($33F6) Temperature of the inverter given by PEB (CAN ETS) -> 0.0
    7EC.24.6233F7 ($33F7) Counter of Efan speed on Low and very low speed -> 1615.0
    7EC.29.6233F8 ($33F8) Different states of the Zero Ampere mode management stateflow. -> 0.0
    7EC.30.6233F9 ($33F9) Primary ignition supply state -> 1.0
    7EC.31.6233FA ($33FA) Pedal pressed flag internal processing -> 0.0
    7EC.31.6233FB ($33FB) Preheating requested by the vehicle. Processed -> 0.0
    7EC.30.6233FC ($33FC) Electrical Motor state requested by user and build by the BCM -> 0.0
    7EC.31.6233FD ($33FD) Peltier Control Order -> 0.0
    7EC.31.6233FE ($33FE) Peltier Fan control order -> 0.0
    7EC.31.6233FF ($33FF) Major failure detected on the ETS -> 0.0
    7EC.24.623400 DIDs supported in range [$3400 - $3420] -> 123.0
    7EC.30.623409 ($3409) Signal of requesting the MMI EBAAlertLevel1 (brake failure with SERV) -> 1.0
    7EC.30.62340A ($340A) Signal of requesting the MMI EBAAlertLevel1 (brake failure with STOP) -> 1.0
    7EC.30.62340B ($340B) Signal of requesting the MMI QuickDropIterationExceededDisplay -> 1.0
    7EC.30.62340C ($340C) Signal of requesting the MMI QuickDropLockFailureDisplay -> 1.0
    7EC.30.62340D ($340D) Signal of requesting the MMI QuickDropUnlockedDisplay -> 1.0
    7EC.30.62340E ($340E) Signal of requesting the MMI ETAlertDCDC -> 1.0
    7EC.30.62340F ($340F) Signal of requesting the MMI ETAlertRepairETS -> 1.0
    7EC.29.623410 ($3410) HV Network Diagnosis synthesis -> 1.0
    7EC.24.623411 ($3411) Distance memorized for energy consumption journal.9 -> 46587.0
    7EC.48.623411 ($3411) Distance memorized for energy consumption journal.8 -> 2162869.0
    7EC.72.623411 ($3411) Distance memorized for energy consumption journal.7 -> 16449717.0
    7EC.96.623411 ($3411) Distance memorized for energy consumption journal.6 -> 16449570.0
   7EC.120.623411 ($3411) Distance memorized for energy consumption journal.5 -> 11926272.0
   7EC.144.623411 ($3411) Distance memorized for energy consumption journal.4 -> 11927552.0
   7EC.168.623411 ($3411) Distance memorized for energy consumption journal.3 -> 11936667.0
   7EC.192.623411 ($3411) Distance memorized for energy consumption journal.2 -> 46842.0
   7EC.216.623411 ($3411) Distance memorized for energy consumption journal.1 -> 46878.0
   7EC.240.623411 ($3411) Distance memorized for energy consumption journal.0 -> 2359479.0
    7EC.24.623412 Memorized accumulated HV battery output energy for energy consumption journal.9 -> 15.97
    7EC.40.623412 Memorized accumulated HV battery output energy for energy consumption journal.8 -> 15.69
    7EC.56.623412 Memorized accumulated HV battery output energy for energy consumption journal.7 -> 156.22
    7EC.72.623412 Memorized accumulated HV battery output energy for energy consumption journal.6 -> 156.22
    7EC.88.623412 Memorized accumulated HV battery output energy for energy consumption journal.5 -> 156.22
   7EC.104.623412 Memorized accumulated HV battery output energy for energy consumption journal.4 -> 356.18
   7EC.120.623412 Memorized accumulated HV battery output energy for energy consumption journal.3 -> 41.43
   7EC.136.623412 Memorized accumulated HV battery output energy for energy consumption journal.2 -> 58.59
   7EC.152.623412 Memorized accumulated HV battery output energy for energy consumption journal.1 -> 66.58
   7EC.168.623412 Memorized accumulated HV battery output energy for energy consumption journal.0 -> 66.91
    7EC.24.623413 Memorized accumulated electrical inverter energy for energy consumption journal.9 -> 14.07
    7EC.40.623413 Memorized accumulated electrical inverter energy for energy consumption journal.8 -> 13.13
    7EC.56.623413 Memorized accumulated electrical inverter energy for energy consumption journal.7 -> 325.17
    7EC.72.623413 Memorized accumulated electrical inverter energy for energy consumption journal.6 -> 325.17
    7EC.88.623413 Memorized accumulated electrical inverter energy for energy consumption journal.5 -> 325.17
   7EC.104.623413 Memorized accumulated electrical inverter energy for energy consumption journal.4 -> 507.22
   7EC.120.623413 Memorized accumulated electrical inverter energy for energy consumption journal.3 -> 36.93
   7EC.136.623413 Memorized accumulated electrical inverter energy for energy consumption journal.2 -> 51.61
   7EC.152.623413 Memorized accumulated electrical inverter energy for energy consumption journal.1 -> 57.53
   7EC.168.623413 Memorized accumulated electrical inverter energy for energy consumption journal.0 -> 56.67
    7EC.24.623414 Memorized accumutation of the energy used by the thermal comfort for energy consumption journal.9 -> 0.53
    7EC.40.623414 Memorized accumutation of the energy used by the thermal comfort for energy consumption journal.8 -> 0.33
    7EC.56.623414 Memorized accumutation of the energy used by the thermal comfort for energy consumption journal.7 -> 135.68
    7EC.72.623414 Memorized accumutation of the energy used by the thermal comfort for energy consumption journal.6 -> 135.68
    7EC.88.623414 Memorized accumutation of the energy used by the thermal comfort for energy consumption journal.5 -> 135.68
   7EC.104.623414 Memorized accumutation of the energy used by the thermal comfort for energy consumption journal.4 -> 136.02
   7EC.120.623414 Memorized accumutation of the energy used by the thermal comfort for energy consumption journal.3 -> 1.03
   7EC.136.623414 Memorized accumutation of the energy used by the thermal comfort for energy consumption journal.2 -> 1.57
   7EC.152.623414 Memorized accumutation of the energy used by the thermal comfort for energy consumption journal.1 -> 2.68
   7EC.168.623414 Memorized accumutation of the energy used by the thermal comfort for energy consumption journal.0 -> 2.91
    7EC.24.623415 ($3415) Memorized User SOC for energy consumption journal.9 -> 37.56
    7EC.40.623415 ($3415) Memorized User SOC for energy consumption journal.8 -> 36.5
    7EC.56.623415 ($3415) Memorized User SOC for energy consumption journal.7 -> 440.46000000000004
    7EC.72.623415 ($3415) Memorized User SOC for energy consumption journal.6 -> 783.5
    7EC.88.623415 ($3415) Memorized User SOC for energy consumption journal.5 -> 1055.02
   7EC.104.623415 ($3415) Memorized User SOC for energy consumption journal.4 -> 1255.08
   7EC.120.623415 ($3415) Memorized User SOC for energy consumption journal.3 -> 74.74
   7EC.136.623415 ($3415) Memorized User SOC for energy consumption journal.2 -> 72.78
   7EC.152.623415 ($3415) Memorized User SOC for energy consumption journal.1 -> 53.22
   7EC.168.623415 ($3415) Memorized User SOC for energy consumption journal.0 -> 51.9
    7EC.24.623416 ($3416) Memorization of accumulated electrical DCDC energy for energy consumption journal.9 -> 0.46
    7EC.40.623416 ($3416) Memorization of accumulated electrical DCDC energy for energy consumption journal.8 -> 0.33
    7EC.56.623416 ($3416) Memorization of accumulated electrical DCDC energy for energy consumption journal.7 -> 117.76
    7EC.72.623416 ($3416) Memorization of accumulated electrical DCDC energy for energy consumption journal.6 -> 117.76
    7EC.88.623416 ($3416) Memorization of accumulated electrical DCDC energy for energy consumption journal.5 -> 117.76
   7EC.104.623416 ($3416) Memorization of accumulated electrical DCDC energy for energy consumption journal.4 -> 133.46
   7EC.120.623416 ($3416) Memorization of accumulated electrical DCDC energy for energy consumption journal.3 -> 1.12
   7EC.136.623416 ($3416) Memorization of accumulated electrical DCDC energy for energy consumption journal.2 -> 1.98
   7EC.152.623416 ($3416) Memorization of accumulated electrical DCDC energy for energy consumption journal.1 -> 2.5500000000000003
   7EC.168.623416 ($3416) Memorization of accumulated electrical DCDC energy for energy consumption journal.0 -> 0.35000000000000003
    7EC.31.623417 Saving of the NAVL state of the interlocks.8 -> 0.0
    7EC.31.623418 ($3418) DCDC desactivation requested by diagnostic tool in plant -> 0.0
    7EC.31.623419 ($3419) Memorized crash level 1 (medium) detection -> 0.0
    7EC.31.62341A ($341A) Memorized crash level 2 (violent) detection -> 0.0
    7EC.24.623421 ($3421) For reading Battery temperature starting point of the Peltier System (Diagnostic Input) -> 0.0
    7EC.24.623422 ($3422) External temperature (Peltier side) -> 20.0
    7EC.31.623423 ($3423) P_R_N_D_P_N -> 0.0
    7EC.31.623424 ($3424) P_R_N_D_L2 -> 0.0
    7EC.31.623425 ($3425) P_R_N_D_L3 -> 0.0
    7EC.31.623426 ($3426) P_R_N_D_L4 -> 0.0
    7EC.31.623427 ($3427) debounced signal from eco mode button -> 0.0
    7EC.24.623428 ($3428) Battery 14V Voltage after everychecking (internal SCH) -> 13.5625
    7EC.30.62342E ($342E) DCDC ready to sleep (internal EVC) -> 1.0
    7EC.24.623431 ($3431) Time since the vehicle has been parked (calculated in SCH) -> 4294967320.0
    7EC.24.623432 ($3432) Battery voltage no load estimation memorization (internal SCH) -> 12.812
    7EC.24.623433 ($3433) Battery voltage request (internal SCH) -> 13.5
    7EC.30.623435 ($3435) AC compressor authorization command -> 1.0
    7EC.24.623437 ($3437) AC compressor High Voltage value -> 362.0
    7EC.24.623438 ($3438) AC compressor Power Module Temperature -> 31.0
    7EC.30.623439 ($3439) AC compressor Error Status -> 0.0
    7EC.24.62343A ($343A) AC compressor Motor Phase Current -> 0.0
    7EC.30.62343B ($343B) AC compressor State -> 1.0
    7EC.24.62343C ($343C) Dysfunctional disconnections counter -> 0.0
    7EC.24.62343D ($343D) Identification number of the batteries for the 10 last quick drop.9 -> 4294967329.0
    7EC.56.62343D ($343D) Identification number of the batteries for the 10 last quick drop.8 -> 2155872256.0
    7EC.88.62343D ($343D) Identification number of the batteries for the 10 last quick drop.7 -> 2155872290.0
   7EC.120.62343D ($343D) Identification number of the batteries for the 10 last quick drop.6 -> 2147516416.0
   7EC.152.62343D ($343D) Identification number of the batteries for the 10 last quick drop.5 -> 2147516451.0
   7EC.184.62343D ($343D) Identification number of the batteries for the 10 last quick drop.4 -> 2147483776.0
   7EC.216.62343D ($343D) Identification number of the batteries for the 10 last quick drop.3 -> 2147483684.0
   7EC.248.62343D ($343D) Identification number of the batteries for the 10 last quick drop.2 -> 4294967296.0
   7EC.280.62343D ($343D) Identification number of the batteries for the 10 last quick drop.1 -> 4294967333.0
   7EC.312.62343D ($343D) Identification number of the batteries for the 10 last quick drop.0 -> 2155872256.0
    7EC.24.62343F ($343F) Identification number of the battery received by CAN -> 4932797849.0
    7EC.24.623440 DIDs supported in range [$3440 - $3460] -> 93.0
    7EC.31.623441 ($3441) CAN signal for the status of the K-Line communication -> 0.0
    7EC.30.623442 ($3442) ETS Sleeping authorisation according to HV Battery Management Strategies -> 1.0
    7EC.24.623444 ($3444) CAN signal for the maximal charging power authorized by the HV battery -> 24.3
    7EC.24.623445 ($3445) CAN signal for the estimation of the BCB input power (power consumed from the Mains network) -> 1500.0
    7EC.31.623446 ($3446) eco mode request -> 0.0
    7EC.24.623449 ($3449) Total vehicle distance associated with each last ten Quick Drop.9 -> 42949673.29
    7EC.56.623449 ($3449) Total vehicle distance associated with each last ten Quick Drop.8 -> 21558722.56
    7EC.88.623449 ($3449) Total vehicle distance associated with each last ten Quick Drop.7 -> 21558722.900000002
   7EC.120.623449 ($3449) Total vehicle distance associated with each last ten Quick Drop.6 -> 21475164.16
   7EC.152.623449 ($3449) Total vehicle distance associated with each last ten Quick Drop.5 -> 21475164.51
   7EC.184.623449 ($3449) Total vehicle distance associated with each last ten Quick Drop.4 -> 21474837.76
-- time budget reached (90s), skipping rest of EVC
-- EVC: 592/729 values

ECU: FFC
-- FFC: 0/0 values

ECU: HVAC
Too many NO_DATA in a row (20). Skipping this ECU.
-- HVAC: 0/19 values

ECU: LBC2
      7BB.56.6180 DiagnosticIdentificationCode -> 82.0
      7BB.88.6180 HardwareNumber.LowerPart -> 207017222713.0
     7BB.144.6180 EditionNumber -> 25866.0
     7BB.160.6180 CalibrationNumber -> 0.0
     7BB.176.6180 PartNumber.BasicPartList -> 35.0
     7BB.184.6180 HardwareNumber.BasicPartList -> 0.0
     7BB.192.6180 ApprovalNumber.BasicPartList -> 0.0
     7BB.200.6180 ManufacturerIdentificationCode -> 2.0
-- LBC2: 8/8 values

ECU: LBC
      7BB.16.6101 21_01_#03 Electric_Current_of_Battery -> 3.4000000000000004
      7BB.32.6101 21_01_#05_Current sensor offset value -> 0.5
     7BB.144.6101 21_01_#19_Internal_AD_value_of_3V_Reference_Voltage -> 0.0
     7BB.160.6101 21_01_#21_Internal_AD_value_of_current_Sensor_power_supply_Voltage -> 2452.0
     7BB.176.6101 21_01_#23_Input Possible Power CAN Output (After Restriction) -> 89.73
     7BB.192.6101 21_01_#25_Output Possible Power CAN Output (After Restriction) -> 248.48000000000002
     7BB.224.6101 21_01_#29_12V Battery Voltage (Auxiliary Battery Voltage) -> 570.88
     7BB.288.6101 21_01_#37_SOC CAN Output (USOC) -> 0.9472
     7BB.336.6101 21_01_#43_Acceptable Max Charge Power -> 23.35
     7BB.354.6101 21_01_#45_bit4_bit5_Interlock Status sent by CAN(regarding CAN data about interlock 'interlock battery') -> 0.0
     7BB.356.6101 21_01_#45_bit3_HV Interlock Flag -> 0.0
     7BB.357.6101 21_01_#45_bit2_Filtered Poor Joint Detector Input Port Flug -> 0.0
     7BB.360.6101 21_01_#46_HVIsolationImpedance -> 3800.0
      7BB.16.6103 21_03#03 OCV (Open Circuit Voltage) -> 3.7600000000000002
      7BB.32.6103 21_03#05 Battery SOC of cell lowest voltage -> 60.44
      7BB.48.6103 21_03#07 Battery SOC of cell highest voltage -> 84.72
      7BB.64.6103 21_03#09 Blank(0x00) -> 570425344.0
      7BB.96.6103 21_03_#13_Maximum_Cell_voltage -> 0.01
     7BB.112.6103 21_03_#15_Minimum_Cell_voltage -> 88.26
     7BB.128.6103 21_03_#17_Safety Mode 1 Flags -> 1.0
     7BB.136.6103 21_03_#18_LBC F/S mode -> 30720.0
     7BB.152.6103 21_03_#20_MG_Torque -> -254.0
     7BB.168.6103 21_03_#22_MG_Output_revolution -> 633150.0
     7BB.192.6103 21_03_#25_Battery SOC -> 20.0
     7BB.224.6103 21_03_#29 Vehicle Mode Request -> 245.0
      7BB.16.6104 21_04_#03_Thermo_Sensor_1_AD_value -> 2252.0
      7BB.32.6104 21_04_#05_Battery_Temperature_1 -> 20.0
      7BB.40.6104 21_04_#06_Thermo_Sensor_2_AD_value -> 2081.0
      7BB.56.6104 21_04_#08_Battery_Temperature_2 -> 149.0
      7BB.64.6104 21_04_#09_Thermo_Sensor_3_AD_value -> 15624.0
      7BB.80.6104 21_04_#11_Battery_Temperature_3 -> 149.0
      7BB.88.6104 21_04_#12_Thermo_Sensor_4_AD_value -> 15624.0
     7BB.104.6104 21_04_#14_Battery_Temperature_4 -> 144.0
     7BB.112.6104 21_04_#15_Thermo_Sensor_5_AD_value -> 8765.0
     7BB.128.6104 21_04_#17_Battery_Temperature_5 -> -32.0
     7BB.136.6104 21_04_#18_Thermo_Sensor_6_AD_value -> 46141.0
     7BB.152.6104 21_04_#20_Battery_Temperature_6 -> -32.0
     7BB.160.6104 21_04_#21_Thermo_Sensor_7_AD_value -> 49981.0
     7BB.176.6104 21_04_#23_Battery_Temperature_7 -> -5.0
     7BB.184.6104 21_04_#24_Thermo_Sensor_8_AD_value -> 2259.0
     7BB.200.6104 21_04_#26_Battery_Temperature_8 -> 20.0
     7BB.208.6104 21_04_#27_Thermo_Sensor_9_AD_value -> 2213.0
     7BB.224.6104 21_04_#29_Battery_Temperature_9 -> 21.0
     7BB.232.6104 21_04_#30_Thermo_Sensor_10_AD_value -> 2084.0
     7BB.248.6104 21_04_#32_Battery_Temperature_10 -> 195.0
     7BB.256.6104 21_04_#33_Thermo_Sensor_11_AD_value -> 15368.0
     7BB.272.6104 21_04_#35_Battery_Temperature_11 -> 175.0
     7BB.280.6104 21_04_#36_Thermo_Sensor_12_AD_value -> 15368.0
     7BB.296.6104 21_04_#38_Battery_Temperature_12 -> 187.0
     7BB.304.6104 21_04_#39_Thermo_Sensor_13_AD_value -> 9532.0
     7BB.320.6104 21_04_#41_Battery_Temperature_13 -> -32.0
     7BB.328.6104 21_04_#42_Thermo_Sensor_14_AD_value -> 45373.0
     7BB.368.6104 21_04_#47_Battery_Temperature_15 -> -2.0
     7BB.424.6104 21_04_#54_Thermo_Sensor_18_AD_value -> 65319.0
     7BB.496.6104 21_04_#63_Thermo_Sensor_21_AD_value -> 10495.0
     7BB.560.6104 21_04_#71_Battery_Temperature_23 -> 1.0
      7BB.48.6106 21_06_#07_Vehicle ID 00 -> 553648128.0
      7BB.80.6106 21_06_#11_Vehicle ID 01 -> 201112.0
     7BB.112.6106 21_06_#15_Vehicle ID 02 -> 574619648.0
     7BB.144.6106 21_06_#19_Vehicle ID 03 -> 0.0
     7BB.176.6106 21_06_#23_Vehicle ID 04 -> 587202560.0
     7BB.208.6106 21_06_#27_Vehicle ID 05 -> 0.0
     7BB.240.6106 21_06_#31_Vehicle ID 06 -> 603979776.0
     7BB.272.6106 21_06_#35_Vehicle ID 07 -> 0.0
     7BB.304.6106 21_06_#39_Vehicle ID 08 -> 620756992.0
     7BB.336.6106 21_06_#43_Vehicle ID 09 -> 0.0
     7BB.368.6106 21_06_#47_Vehicle ID 10 -> 637534208.0
     7BB.400.6106 21_06_#51_Vehicle ID 11 -> 0.0
     7BB.432.6106 21_06_#55_Vehicle ID 12 -> 654311424.0
     7BB.464.6106 21_06_#59_Vehicle ID 13 -> 0.0
     7BB.496.6106 21_06_#63_Vehicle ID 14 -> 671088640.0
     7BB.528.6106 21_06_#67_Vehicle ID 15 -> 0.0
     7BB.560.6106 21_06_#71_Quick_Drop_Counter 00 -> 41.0
     7BB.568.6106 21_06_#72_Quick_Drop_Counter 01 -> 0.0
     7BB.576.6106 21_06_#73_Quick_Drop_Counter 02 -> 0.0
     7BB.584.6106 21_06_#74_Quick_Drop_Counter 03 -> 0.0
     7BB.592.6106 21_06_#75_Quick_Drop_Counter 04 -> 0.0
     7BB.624.6106 21_06_#79_Quick_Drop_Counter 08 -> 42.0
     7BB.640.6106 21_06_#81_Quick_Drop_Counter 10 -> 1.0
     7BB.648.6106 21_06_#82_Quick_Drop_Counter 11 -> 1.0
     7BB.656.6106 21_06_#83_Quick_Drop_Counter 12 -> 0.0
     7BB.664.6106 21_06_#84_Quick_Drop_Counter 13 -> 0.0
     7BB.672.6106 21_06_#85_Quick_Drop_Counter 14 -> 0.0
     7BB.680.6106 21_06_#86_Quick_Drop_Counter 15 -> 0.0
      7BB.16.6107 21_07_#03_Balancing Switch 1 Status -> 0.0
      7BB.24.6107 21_07_#04_Balancing Switch 2 Status -> 0.0
      7BB.32.6107 21_07_#05_Balancing Switch 3 Status -> 0.0
      7BB.40.6107 21_07_#06_Balancing Switch 4 Status -> 0.0
      7BB.48.6107 21_07_#07_Balancing Switch 5 Status -> 33.0
      7BB.56.6107 21_07_#08_Balancing Switch 6 Status -> 0.0
      7BB.64.6107 21_07_#09_Balancing Switch 7 Status -> 0.0
      7BB.72.6107 21_07_#10_Balancing Switch 8 Status -> 0.0
      7BB.80.6107 21_07_#11_Balancing Switch 9 Status -> 0.0
      7BB.88.6107 21_07_#12_Balancing Switch 10 Status -> 0.0
      7BB.96.6107 21_07_#13_Balancing Switch 11 Status -> 0.0
     7BB.104.6107 21_07_#14_Balancing Switch 12 Status -> 0.0
      7BB.16.6130 21_30 #003_b0_MSN_HIS[00]Operation_type -> 5.0
      7BB.22.6130 21_30 #003_b6_MSN_HIS[00]User_SOC_end -> 70.60000000000001
      7BB.31.6130 21_30 #004_b7_MSN_HIS[00]User_SOC_start -> 56.6
      7BB.40.6130 21_30 #006_b0_MSN_HIS[00]Ampere_hour_discharge -> 0.0
      7BB.48.6130 21_30 #007_b0_MSN_HIS[00]Ampere_hour_charge -> 33.0
      7BB.56.6130 21_30 #008_b0_MSN_HIS[00]Battery_temp_end -> -26.0
      7BB.64.6130 21_30 #009_b0_MSN_HIS[00]Battery_temp_start -> 25.0
      7BB.72.6130 defauts mission 0 -> 16.0
      7BB.74.6130 21_30 #010_b2_MSN_HIS[00]Diag_NG_over_charge_cell -> 0.0
      7BB.75.6130 21_30 #010_b3_MSN_HIS[00]Diag_NG_over_discharge_cell -> 0.0
      7BB.76.6130 21_30 #010_b4_MSN_HIS[00]Diag_NG_over_current -> 0.0
      7BB.77.6130 21_30 #010_b5_MSN_HIS[00]Diag_NG_over_temp -> 0.0
      7BB.80.6130 21_30 #011_b0_MSN_HIS[01]Operation_type -> 0.0
      7BB.86.6130 21_30 #011_b6_MSN_HIS[01]User_SOC_end -> 3.4000000000000004
      7BB.95.6130 21_30 #012_b7_MSN_HIS[01]User_SOC_start -> 39.400000000000006
     7BB.104.6130 21_30 #014_b0_MSN_HIS[01]Ampere_hour_discharge -> 97.0
     7BB.112.6130 21_30 #015_b0_MSN_HIS[01]Ampere_hour_charge -> 34.0
     7BB.120.6130 21_30 #016_b0_MSN_HIS[01]Battery_temp_end -> -40.0
     7BB.128.6130 21_30 #017_b0_MSN_HIS[01]Battery_temp_start -> -40.0
     7BB.136.6130 defauts mission 1 -> 16.0
     7BB.138.6130 21_30 #018_b2_MSN_HIS[01]Diag_NG_over_charge_cell -> 0.0
     7BB.139.6130 21_30 #018_b3_MSN_HIS[01]Diag_NG_over_discharge_cell -> 0.0
     7BB.140.6130 21_30 #018_b4_MSN_HIS[01]Diag_NG_over_current -> 0.0
     7BB.141.6130 21_30 #018_b5_MSN_HIS[01]Diag_NG_over_temp -> 0.0
     7BB.144.6130 21_30 #019_b0_MSN_HIS[02]Operation_type -> 2.0
     7BB.150.6130 21_30 #019_b6_MSN_HIS[02]User_SOC_end -> 25.6
     7BB.159.6130 21_30 #020_b7_MSN_HIS[02]User_SOC_start -> 6.800000000000001
     7BB.168.6130 21_30 #022_b0_MSN_HIS[02]Ampere_hour_discharge -> 25.0
     7BB.176.6130 21_30 #023_b0_MSN_HIS[02]Ampere_hour_charge -> 35.0
     7BB.184.6130 21_30 #024_b0_MSN_HIS[02]Battery_temp_end -> 62.0
     7BB.192.6130 21_30 #025_b0_MSN_HIS[02]Battery_temp_start -> -18.0
     7BB.200.6130 defauts mission 2 -> 0.0
     7BB.201.6130 21_30 #026_b1_MSN_HIS[02]Diag_NG_over_discharge_batt -> 0.0
     7BB.202.6130 21_30 #026_b2_MSN_HIS[02]Diag_NG_over_charge_cell -> 0.0
     7BB.203.6130 21_30 #026_b3_MSN_HIS[02]Diag_NG_over_discharge_cell -> 0.0
     7BB.204.6130 21_30 #026_b4_MSN_HIS[02]Diag_NG_over_current -> 0.0
     7BB.205.6130 21_30 #026_b5_MSN_HIS[02]Diag_NG_over_temp -> 0.0
     7BB.208.6130 21_30 #027_b0_MSN_HIS[03]Operation_type -> 2.0
     7BB.214.6130 21_30 #027_b6_MSN_HIS[03]User_SOC_end -> 6.4
     7BB.223.6130 21_30 #028_b7_MSN_HIS[03]User_SOC_start -> 0.0
     7BB.232.6130 21_30 #030_b0_MSN_HIS[03]Ampere_hour_discharge -> 33.0
     7BB.240.6130 21_30 #031_b0_MSN_HIS[03]Ampere_hour_charge -> 36.0
     7BB.248.6130 21_30 #032_b0_MSN_HIS[03]Battery_temp_end -> 49.0
     7BB.256.6130 21_30 #033_b0_MSN_HIS[03]Battery_temp_start -> -34.0
     7BB.264.6130 defauts mission 3 -> 5.0
     7BB.265.6130 21_30 #034_b1_MSN_HIS[03]Diag_NG_over_discharge_batt -> 0.0
     7BB.266.6130 21_30 #034_b2_MSN_HIS[03]Diag_NG_over_charge_cell -> 0.0
     7BB.268.6130 21_30 #034_b4_MSN_HIS[03]Diag_NG_over_current -> 0.0
     7BB.272.6130 21_30 #035_b0_MSN_HIS[04]Operation_type -> 0.0
     7BB.278.6130 21_30 #035_b6_MSN_HIS[04]User_SOC_end -> 83.2
     7BB.287.6130 21_30 #036_b7_MSN_HIS[04]User_SOC_start -> 12.600000000000001
     7BB.296.6130 21_30 #038_b0_MSN_HIS[04]Ampere_hour_discharge -> 0.0
     7BB.304.6130 21_30 #039_b0_MSN_HIS[04]Ampere_hour_charge -> 37.0
     7BB.312.6130 21_30 #040_b0_MSN_HIS[04]Battery_temp_end -> -7.0
     7BB.320.6130 21_30 #041_b0_MSN_HIS[04]Battery_temp_start -> 46.0
     7BB.328.6130 defauts mission 4 -> 42.0
     7BB.329.6130 21_30 #042_b1_MSN_HIS[04]Diag_NG_over_discharge_batt -> 0.0
     7BB.331.6130 21_30 #042_b3_MSN_HIS[04]Diag_NG_over_discharge_cell -> 0.0
     7BB.333.6130 21_30 #042_b5_MSN_HIS[04]Diag_NG_over_temp -> 0.0
     7BB.336.6130 21_30 #043_b0_MSN_HIS[05]Operation_type -> 0.0
     7BB.342.6130 21_30 #043_b6_MSN_HIS[05]User_SOC_end -> 0.0
     7BB.351.6130 21_30 #044_b7_MSN_HIS[05]User_SOC_start -> 12.8
     7BB.360.6130 21_30 #046_b0_MSN_HIS[05]Ampere_hour_discharge -> 64.0
     7BB.368.6130 21_30 #047_b0_MSN_HIS[05]Ampere_hour_charge -> 38.0
     7BB.376.6130 21_30 #048_b0_MSN_HIS[05]Battery_temp_end -> -40.0
     7BB.384.6130 21_30 #049_b0_MSN_HIS[05]Battery_temp_start -> -7.0
     7BB.392.6130 defauts mission 5 -> 21.0
     7BB.394.6130 21_30 #050_b2_MSN_HIS[05]Diag_NG_over_charge_cell -> 0.0
     7BB.396.6130 21_30 #050_b4_MSN_HIS[05]Diag_NG_over_current -> 0.0
     7BB.400.6130 21_30 #051_b0_MSN_HIS[06]Operation_type -> 5.0
     7BB.406.6130 21_30 #051_b6_MSN_HIS[06]User_SOC_end -> 25.6
     7BB.415.6130 21_30 #052_b7_MSN_HIS[06]User_SOC_start -> 0.0
     7BB.424.6130 21_30 #054_b0_MSN_HIS[06]Ampere_hour_discharge -> 65.0
     7BB.432.6130 21_30 #055_b0_MSN_HIS[06]Ampere_hour_charge -> 39.0
     7BB.440.6130 21_30 #056_b0_MSN_HIS[06]Battery_temp_end -> 24.0
     7BB.448.6130 21_30 #057_b0_MSN_HIS[06]Battery_temp_start -> -40.0
     7BB.456.6130 defauts mission 6 -> 40.0
     7BB.457.6130 21_30 #058_b1_MSN_HIS[06]Diag_NG_over_discharge_batt -> 0.0
     7BB.459.6130 21_30 #058_b3_MSN_HIS[06]Diag_NG_over_discharge_cell -> 0.0
     7BB.460.6130 21_30 #058_b4_MSN_HIS[06]Diag_NG_over_current -> 0.0
     7BB.461.6130 21_30 #058_b5_MSN_HIS[06]Diag_NG_over_temp -> 0.0
     7BB.464.6130 21_30 #059_b0_MSN_HIS[07]Operation_type -> 3.0
     7BB.470.6130 21_30 #059_b6_MSN_HIS[07]User_SOC_end -> 68.2
     7BB.479.6130 21_30 #060_b7_MSN_HIS[07]User_SOC_start -> 0.0
     7BB.488.6130 21_30 #062_b0_MSN_HIS[07]Ampere_hour_discharge -> 2.0
     7BB.496.6130 21_30 #063_b0_MSN_HIS[07]Ampere_hour_charge -> 40.0
     7BB.504.6130 21_30 #064_b0_MSN_HIS[07]Battery_temp_end -> 25.0
     7BB.512.6130 21_30 #065_b0_MSN_HIS[07]Battery_temp_start -> 25.0
     7BB.520.6130 defauts mission 7 -> 0.0
     7BB.521.6130 21_30 #066_b1_MSN_HIS[07]Diag_NG_over_discharge_batt -> 0.0
     7BB.522.6130 21_30 #066_b2_MSN_HIS[07]Diag_NG_over_charge_cell -> 0.0
     7BB.523.6130 21_30 #066_b3_MSN_HIS[07]Diag_NG_over_discharge_cell -> 0.0
     7BB.524.6130 21_30 #066_b4_MSN_HIS[07]Diag_NG_over_current -> 0.0
     7BB.525.6130 21_30 #066_b5_MSN_HIS[07]Diag_NG_over_temp -> 0.0
     7BB.528.6130 21_30 #067_b0_MSN_HIS[08]Operation_type -> 1.0
     7BB.534.6130 21_30 #067_b6_MSN_HIS[08]User_SOC_end -> 36.2
     7BB.543.6130 21_30 #068_b7_MSN_HIS[08]User_SOC_start -> 36.2
     7BB.552.6130 21_30 #070_b0_MSN_HIS[08]Ampere_hour_discharge -> 0.0
     7BB.560.6130 21_30 #071_b0_MSN_HIS[08]Ampere_hour_charge -> 41.0
     7BB.568.6130 21_30 #072_b0_MSN_HIS[08]Battery_temp_end -> -40.0
     7BB.576.6130 21_30 #073_b0_MSN_HIS[08]Battery_temp_start -> 25.0
     7BB.584.6130 defauts mission 8 -> 16.0
     7BB.586.6130 21_30 #074_b2_MSN_HIS[08]Diag_NG_over_charge_cell -> 0.0
     7BB.587.6130 21_30 #074_b3_MSN_HIS[08]Diag_NG_over_discharge_cell -> 0.0
     7BB.588.6130 21_30 #074_b4_MSN_HIS[08]Diag_NG_over_current -> 0.0
     7BB.589.6130 21_30 #074_b5_MSN_HIS[08]Diag_NG_over_temp -> 0.0
     7BB.592.6130 21_30 #075_b0_MSN_HIS[09]Operation_type -> 0.0
     7BB.598.6130 21_30 #075_b6_MSN_HIS[09]User_SOC_end -> 3.2
     7BB.607.6130 21_30 #076_b7_MSN_HIS[09]User_SOC_start -> 75.60000000000001
     7BB.616.6130 21_30 #078_b0_MSN_HIS[09]Ampere_hour_discharge -> 189.0
     7BB.624.6130 21_30 #079_b0_MSN_HIS[09]Ampere_hour_charge -> 42.0
     7BB.632.6130 21_30 #080_b0_MSN_HIS[09]Battery_temp_end -> -40.0
     7BB.640.6130 21_30 #081_b0_MSN_HIS[09]Battery_temp_start -> -40.0
     7BB.648.6130 defauts mission 9 -> 16.0
     7BB.650.6130 21_30 #082_b2_MSN_HIS[09]Diag_NG_over_charge_cell -> 0.0
     7BB.651.6130 21_30 #082_b3_MSN_HIS[09]Diag_NG_over_discharge_cell -> 0.0
     7BB.652.6130 21_30 #082_b4_MSN_HIS[09]Diag_NG_over_current -> 0.0
     7BB.653.6130 21_30 #082_b5_MSN_HIS[09]Diag_NG_over_temp -> 0.0
     7BB.656.6130 21_30 #083_b0_MSN_HIS[10]Operation_type -> 2.0
     7BB.662.6130 21_30 #083_b6_MSN_HIS[10]User_SOC_end -> 25.6
     7BB.671.6130 21_30 #084_b7_MSN_HIS[10]User_SOC_start -> 32.2
     7BB.680.6130 21_30 #086_b0_MSN_HIS[10]Ampere_hour_discharge -> 122.0
     7BB.688.6130 21_30 #087_b0_MSN_HIS[10]Ampere_hour_charge -> 43.0
     7BB.696.6130 21_30 #088_b0_MSN_HIS[10]Battery_temp_end -> 149.0
     7BB.704.6130 21_30 #089_b0_MSN_HIS[10]Battery_temp_start -> -40.0
     7BB.712.6130 defauts mission 10 -> 0.0
     7BB.713.6130 21_30 #090_b1_MSN_HIS[10]Diag_NG_over_discharge_batt -> 0.0
     7BB.714.6130 21_30 #090_b2_MSN_HIS[10]Diag_NG_over_charge_cell -> 0.0
     7BB.715.6130 21_30 #090_b3_MSN_HIS[10]Diag_NG_over_discharge_cell -> 0.0
     7BB.716.6130 21_30 #090_b4_MSN_HIS[10]Diag_NG_over_current -> 0.0
     7BB.717.6130 21_30 #090_b5_MSN_HIS[10]Diag_NG_over_temp -> 0.0
     7BB.720.6130 21_30 #091_b0_MSN_HIS[11]Operation_type -> 2.0
     7BB.726.6130 21_30 #091_b6_MSN_HIS[11]User_SOC_end -> 32.0
     7BB.735.6130 21_30 #092_b7_MSN_HIS[11]User_SOC_start -> 51.2
     7BB.744.6130 21_30 #094_b0_MSN_HIS[11]Ampere_hour_discharge -> 33.0
     7BB.752.6130 21_30 #095_b0_MSN_HIS[11]Ampere_hour_charge -> 44.0
     7BB.760.6130 21_30 #096_b0_MSN_HIS[11]Battery_temp_end -> 82.0
     7BB.768.6130 21_30 #097_b0_MSN_HIS[11]Battery_temp_start -> 149.0
     7BB.776.6130 defauts mission 11 -> 0.0
     7BB.777.6130 21_30 #098_b1_MSN_HIS[11]Diag_NG_over_discharge_batt -> 0.0
     7BB.778.6130 21_30 #098_b2_MSN_HIS[11]Diag_NG_over_charge_cell -> 0.0
     7BB.779.6130 21_30 #098_b3_MSN_HIS[11]Diag_NG_over_discharge_cell -> 0.0
     7BB.780.6130 21_30 #098_b4_MSN_HIS[11]Diag_NG_over_current -> 0.0
     7BB.781.6130 21_30 #098_b5_MSN_HIS[11]Diag_NG_over_temp -> 0.0
     7BB.784.6130 21_30 #099_b0_MSN_HIS[12]Operation_type -> 0.0
     7BB.790.6130 21_30 #099_b6_MSN_HIS[12]User_SOC_end -> 6.4
     7BB.799.6130 21_30 #100_b7_MSN_HIS[12]User_SOC_start -> 64.2
     7BB.808.6130 21_30 #102_b0_MSN_HIS[12]Ampere_hour_discharge -> 0.0
     7BB.816.6130 21_30 #103_b0_MSN_HIS[12]Ampere_hour_charge -> 45.0
     7BB.824.6130 21_30 #104_b0_MSN_HIS[12]Battery_temp_end -> 121.0
     7BB.832.6130 21_30 #105_b0_MSN_HIS[12]Battery_temp_start -> 82.0
     7BB.840.6130 defauts mission 12 -> 47.0
     7BB.841.6130 21_30 #106_b1_MSN_HIS[12]Diag_NG_over_discharge_batt -> 0.0
     7BB.848.6130 21_30 #107_b0_MSN_HIS[13]Operation_type -> 0.0
     7BB.854.6130 21_30 #107_b6_MSN_HIS[13]User_SOC_end -> 0.0
     7BB.863.6130 21_30 #108_b7_MSN_HIS[13]User_SOC_start -> 13.0
     7BB.872.6130 21_30 #110_b0_MSN_HIS[13]Ampere_hour_discharge -> 65.0
     7BB.880.6130 21_30 #111_b0_MSN_HIS[13]Ampere_hour_charge -> 46.0
     7BB.888.6130 21_30 #112_b0_MSN_HIS[13]Battery_temp_end -> -40.0
     7BB.896.6130 21_30 #113_b0_MSN_HIS[13]Battery_temp_start -> -7.0
     7BB.904.6130 defauts mission 13 -> 31.0
     7BB.912.6130 21_30 #115_b0_MSN_HIS[14]Operation_type -> 5.0
     7BB.918.6130 21_30 #115_b6_MSN_HIS[14]User_SOC_end -> 76.80000000000001
     7BB.927.6130 21_30 #116_b7_MSN_HIS[14]User_SOC_start -> 0.0
     7BB.936.6130 21_30 #118_b0_MSN_HIS[14]Ampere_hour_discharge -> 65.0
     7BB.944.6130 21_30 #119_b0_MSN_HIS[14]Ampere_hour_charge -> 47.0
     7BB.952.6130 21_30 #120_b0_MSN_HIS[14]Battery_temp_end -> 25.0
     7BB.960.6130 21_30 #121_b0_MSN_HIS[14]Battery_temp_start -> -40.0
     7BB.968.6130 defauts mission 14 -> 40.0
     7BB.969.6130 21_30 #122_b1_MSN_HIS[14]Diag_NG_over_discharge_batt -> 0.0
     7BB.971.6130 21_30 #122_b3_MSN_HIS[14]Diag_NG_over_discharge_cell -> 0.0
     7BB.972.6130 21_30 #122_b4_MSN_HIS[14]Diag_NG_over_current -> 0.0
     7BB.973.6130 21_30 #122_b5_MSN_HIS[14]Diag_NG_over_temp -> 0.0
      7BB.16.6131 21_31 #003_b0_MSN_HIS[15]Operation_type -> 5.0
      7BB.22.6131 21_31 #003_b6_MSN_HIS[15]User_SOC_end -> 38.2
      7BB.31.6131 21_31 #004_b7_MSN_HIS[15]User_SOC_start -> 38.2
      7BB.40.6131 21_31 #006_b0_MSN_HIS[15]Ampere_hour_discharge -> 0.0
      7BB.48.6131 21_31 #007_b0_MSN_HIS[15]Ampere_hour_charge -> 33.0
      7BB.56.6131 21_31 #008_b0_MSN_HIS[15]Battery_temp_end -> -40.0
      7BB.64.6131 21_31 #009_b0_MSN_HIS[15]Battery_temp_start -> 25.0
      7BB.72.6131 defauts mission 15 -> 16.0
      7BB.74.6131 21_31 #010_b2_MSN_HIS[15]Diag_NG_over_charge_cell -> 0.0
      7BB.75.6131 21_31 #010_b3_MSN_HIS[15]Diag_NG_over_discharge_cell -> 0.0
      7BB.76.6131 21_31 #010_b4_MSN_HIS[15]Diag_NG_over_current -> 0.0
      7BB.77.6131 21_31 #010_b5_MSN_HIS[15]Diag_NG_over_temp -> 0.0
      7BB.80.6131 21_31 #011_b0_MSN_HIS[16]Operation_type -> 0.0
      7BB.86.6131 21_31 #011_b6_MSN_HIS[16]User_SOC_end -> 3.2
      7BB.95.6131 21_31 #012_b7_MSN_HIS[16]User_SOC_start -> 76.4
     7BB.104.6131 21_31 #014_b0_MSN_HIS[16]Ampere_hour_discharge -> 191.0
     7BB.112.6131 21_31 #015_b0_MSN_HIS[16]Ampere_hour_charge -> 34.0
     7BB.120.6131 21_31 #016_b0_MSN_HIS[16]Battery_temp_end -> -40.0
     7BB.128.6131 21_31 #017_b0_MSN_HIS[16]Battery_temp_start -> -40.0
     7BB.136.6131 defauts mission 16 -> 16.0
     7BB.138.6131 21_31 #018_b2_MSN_HIS[16]Diag_NG_over_charge_cell -> 0.0
     7BB.139.6131 21_31 #018_b3_MSN_HIS[16]Diag_NG_over_discharge_cell -> 0.0
     7BB.140.6131 21_31 #018_b4_MSN_HIS[16]Diag_NG_over_current -> 0.0
     7BB.141.6131 21_31 #018_b5_MSN_HIS[16]Diag_NG_over_temp -> 0.0
     7BB.144.6131 21_31 #019_b0_MSN_HIS[17]Operation_type -> 2.0
     7BB.150.6131 21_31 #019_b6_MSN_HIS[17]User_SOC_end -> 25.6
     7BB.159.6131 21_31 #020_b7_MSN_HIS[17]User_SOC_start -> 32.2
     7BB.168.6131 21_31 #022_b0_MSN_HIS[17]Ampere_hour_discharge -> 126.0
     7BB.176.6131 21_31 #023_b0_MSN_HIS[17]Ampere_hour_charge -> 35.0
     7BB.184.6131 21_31 #024_b0_MSN_HIS[17]Battery_temp_end -> 151.0
     7BB.192.6131 21_31 #025_b0_MSN_HIS[17]Battery_temp_start -> -40.0
     7BB.200.6131 defauts mission 17 -> 0.0
     7BB.201.6131 21_31 #026_b1_MSN_HIS[17]Diag_NG_over_discharge_batt -> 0.0
     7BB.202.6131 21_31 #026_b2_MSN_HIS[17]Diag_NG_over_charge_cell -> 0.0
     7BB.203.6131 21_31 #026_b3_MSN_HIS[17]Diag_NG_over_discharge_cell -> 0.0
     7BB.204.6131 21_31 #026_b4_MSN_HIS[17]Diag_NG_over_current -> 0.0
     7BB.205.6131 21_31 #026_b5_MSN_HIS[17]Diag_NG_over_temp -> 0.0
     7BB.208.6131 21_31 #027_b0_MSN_HIS[18]Operation_type -> 2.0
     7BB.214.6131 21_31 #027_b6_MSN_HIS[18]User_SOC_end -> 32.0
     7BB.223.6131 21_31 #028_b7_MSN_HIS[18]User_SOC_start -> 51.2
     7BB.232.6131 21_31 #030_b0_MSN_HIS[18]Ampere_hour_discharge -> 33.0
     7BB.240.6131 21_31 #031_b0_MSN_HIS[18]Ampere_hour_charge -> 36.0
     7BB.248.6131 21_31 #032_b0_MSN_HIS[18]Battery_temp_end -> 86.0
     7BB.256.6131 21_31 #033_b0_MSN_HIS[18]Battery_temp_start -> 151.0
     7BB.264.6131 defauts mission 18 -> 0.0
     7BB.265.6131 21_31 #034_b1_MSN_HIS[18]Diag_NG_over_discharge_batt -> 0.0
     7BB.266.6131 21_31 #034_b2_MSN_HIS[18]Diag_NG_over_charge_cell -> 0.0
     7BB.267.6131 21_31 #034_b3_MSN_HIS[18]Diag_NG_over_discharge_cell -> 0.0
     7BB.268.6131 21_31 #034_b4_MSN_HIS[18]Diag_NG_over_current -> 0.0
     7BB.269.6131 21_31 #034_b5_MSN_HIS[18]Diag_NG_over_temp -> 0.0
     7BB.272.6131 21_31 #035_b0_MSN_HIS[19]Operation_type -> 0.0
     7BB.278.6131 21_31 #035_b6_MSN_HIS[19]User_SOC_end -> 6.6000000000000005
     7BB.287.6131 21_31 #036_b7_MSN_HIS[19]User_SOC_start -> 13.200000000000001
     7BB.296.6131 21_31 #038_b0_MSN_HIS[19]Ampere_hour_discharge -> 0.0
     7BB.304.6131 21_31 #039_b0_MSN_HIS[19]Ampere_hour_charge -> 37.0
     7BB.312.6131 21_31 #040_b0_MSN_HIS[19]Battery_temp_end -> 121.0
     7BB.320.6131 21_31 #041_b0_MSN_HIS[19]Battery_temp_start -> 100.0
     7BB.328.6131 defauts mission 19 -> 47.0
     7BB.329.6131 21_31 #042_b1_MSN_HIS[19]Diag_NG_over_discharge_batt -> 0.0
     7BB.336.6131 21_31 #043_b0_MSN_HIS[20]Operation_type -> 0.0
     7BB.342.6131 21_31 #043_b6_MSN_HIS[20]User_SOC_end -> 0.0
     7BB.351.6131 21_31 #044_b7_MSN_HIS[20]User_SOC_start -> 64.4
     7BB.360.6131 21_31 #046_b0_MSN_HIS[20]Ampere_hour_discharge -> 66.0
     7BB.368.6131 21_31 #047_b0_MSN_HIS[20]Ampere_hour_charge -> 38.0
     7BB.376.6131 21_31 #048_b0_MSN_HIS[20]Battery_temp_end -> -40.0
     7BB.384.6131 21_31 #049_b0_MSN_HIS[20]Battery_temp_start -> -7.0
     7BB.392.6131 defauts mission 20 -> 36.0
     7BB.393.6131 21_31 #050_b1_MSN_HIS[20]Diag_NG_over_discharge_batt -> 0.0
     7BB.394.6131 21_31 #050_b2_MSN_HIS[20]Diag_NG_over_charge_cell -> 0.0
     7BB.396.6131 21_31 #050_b4_MSN_HIS[20]Diag_NG_over_current -> 0.0
     7BB.397.6131 21_31 #050_b5_MSN_HIS[20]Diag_NG_over_temp -> 0.0
     7BB.400.6131 21_31 #051_b0_MSN_HIS[21]Operation_type -> 6.0
     7BB.406.6131 21_31 #051_b6_MSN_HIS[21]User_SOC_end -> 25.6
     7BB.415.6131 21_31 #052_b7_MSN_HIS[21]User_SOC_start -> 0.0
     7BB.424.6131 21_31 #054_b0_MSN_HIS[21]Ampere_hour_discharge -> 66.0
     7BB.432.6131 21_31 #055_b0_MSN_HIS[21]Ampere_hour_charge -> 39.0
     7BB.440.6131 21_31 #056_b0_MSN_HIS[21]Battery_temp_end -> 26.0
     7BB.448.6131 21_31 #057_b0_MSN_HIS[21]Battery_temp_start -> -40.0
     7BB.456.6131 defauts mission 21 -> 40.0
     7BB.457.6131 21_31 #058_b1_MSN_HIS[21]Diag_NG_over_discharge_batt -> 0.0
     7BB.459.6131 21_31 #058_b3_MSN_HIS[21]Diag_NG_over_discharge_cell -> 0.0
     7BB.460.6131 21_31 #058_b4_MSN_HIS[21]Diag_NG_over_current -> 0.0
     7BB.461.6131 21_31 #058_b5_MSN_HIS[21]Diag_NG_over_temp -> 0.0
     7BB.464.6131 21_31 #059_b0_MSN_HIS[22]Operation_type -> 4.0
     7BB.470.6131 21_31 #059_b6_MSN_HIS[22]User_SOC_end -> 71.2
     7BB.479.6131 21_31 #060_b7_MSN_HIS[22]User_SOC_start -> 51.2
     7BB.488.6131 21_31 #062_b0_MSN_HIS[22]Ampere_hour_discharge -> 0.0
     7BB.496.6131 21_31 #063_b0_MSN_HIS[22]Ampere_hour_charge -> 40.0
     7BB.504.6131 21_31 #064_b0_MSN_HIS[22]Battery_temp_end -> 26.0
     7BB.512.6131 21_31 #065_b0_MSN_HIS[22]Battery_temp_start -> 26.0
     7BB.520.6131 defauts mission 22 -> 0.0
     7BB.521.6131 21_31 #066_b1_MSN_HIS[22]Diag_NG_over_discharge_batt -> 0.0
     7BB.522.6131 21_31 #066_b2_MSN_HIS[22]Diag_NG_over_charge_cell -> 0.0
     7BB.523.6131 21_31 #066_b3_MSN_HIS[22]Diag_NG_over_discharge_cell -> 0.0
     7BB.524.6131 21_31 #066_b4_MSN_HIS[22]Diag_NG_over_current -> 0.0
     7BB.525.6131 21_31 #066_b5_MSN_HIS[22]Diag_NG_over_temp -> 0.0
     7BB.528.6131 21_31 #067_b0_MSN_HIS[23]Operation_type -> 1.0
     7BB.534.6131 21_31 #067_b6_MSN_HIS[23]User_SOC_end -> 39.0
     7BB.543.6131 21_31 #068_b7_MSN_HIS[23]User_SOC_start -> 40.6
     7BB.552.6131 21_31 #070_b0_MSN_HIS[23]Ampere_hour_discharge -> 2.0
     7BB.560.6131 21_31 #071_b0_MSN_HIS[23]Ampere_hour_charge -> 41.0
     7BB.568.6131 21_31 #072_b0_MSN_HIS[23]Battery_temp_end -> -39.0
     7BB.576.6131 21_31 #073_b0_MSN_HIS[23]Battery_temp_start -> 26.0
     7BB.584.6131 defauts mission 23 -> 16.0
     7BB.586.6131 21_31 #074_b2_MSN_HIS[23]Diag_NG_over_charge_cell -> 0.0
     7BB.587.6131 21_31 #074_b3_MSN_HIS[23]Diag_NG_over_discharge_cell -> 0.0
     7BB.588.6131 21_31 #074_b4_MSN_HIS[23]Diag_NG_over_current -> 0.0
     7BB.589.6131 21_31 #074_b5_MSN_HIS[23]Diag_NG_over_temp -> 0.0
     7BB.592.6131 21_31 #075_b0_MSN_HIS[24]Operation_type -> 0.0
     7BB.598.6131 21_31 #075_b6_MSN_HIS[24]User_SOC_end -> 3.2
     7BB.607.6131 21_31 #076_b7_MSN_HIS[24]User_SOC_start -> 75.60000000000001
     7BB.616.6131 21_31 #078_b0_MSN_HIS[24]Ampere_hour_discharge -> 189.0
     7BB.624.6131 21_31 #079_b0_MSN_HIS[24]Ampere_hour_charge -> 42.0
     7BB.632.6131 21_31 #080_b0_MSN_HIS[24]Battery_temp_end -> -40.0
     7BB.640.6131 21_31 #081_b0_MSN_HIS[24]Battery_temp_start -> -40.0
     7BB.648.6131 defauts mission 24 -> 16.0
     7BB.650.6131 21_31 #082_b2_MSN_HIS[24]Diag_NG_over_charge_cell -> 0.0
     7BB.651.6131 21_31 #082_b3_MSN_HIS[24]Diag_NG_over_discharge_cell -> 0.0
     7BB.652.6131 21_31 #082_b4_MSN_HIS[24]Diag_NG_over_current -> 0.0
     7BB.653.6131 21_31 #082_b5_MSN_HIS[24]Diag_NG_over_temp -> 0.0
     7BB.656.6131 21_31 #083_b0_MSN_HIS[25]Operation_type -> 2.0
     7BB.662.6131 21_31 #083_b6_MSN_HIS[25]User_SOC_end -> 25.6
     7BB.671.6131 21_31 #084_b7_MSN_HIS[25]User_SOC_start -> 32.6
     7BB.680.6131 21_31 #086_b0_MSN_HIS[25]Ampere_hour_discharge -> 50.0
     7BB.688.6131 21_31 #087_b0_MSN_HIS[25]Ampere_hour_charge -> 43.0
     7BB.696.6131 21_31 #088_b0_MSN_HIS[25]Battery_temp_end -> 149.0
     7BB.704.6131 21_31 #089_b0_MSN_HIS[25]Battery_temp_start -> -40.0
     7BB.712.6131 defauts mission 25 -> 11.0
     7BB.713.6131 21_31 #090_b1_MSN_HIS[25]Diag_NG_over_discharge_batt -> 0.0
     7BB.715.6131 21_31 #090_b3_MSN_HIS[25]Diag_NG_over_discharge_cell -> 0.0
     7BB.720.6131 21_31 #091_b0_MSN_HIS[26]Operation_type -> 2.0
     7BB.726.6131 21_31 #091_b6_MSN_HIS[26]User_SOC_end -> 57.6
     7BB.735.6131 21_31 #092_b7_MSN_HIS[26]User_SOC_start -> 51.2
     7BB.744.6131 21_31 #094_b0_MSN_HIS[26]Ampere_hour_discharge -> 34.0
     7BB.752.6131 21_31 #095_b0_MSN_HIS[26]Ampere_hour_charge -> 44.0
     7BB.760.6131 21_31 #096_b0_MSN_HIS[26]Battery_temp_end -> 27.0
     7BB.768.6131 21_31 #097_b0_MSN_HIS[26]Battery_temp_start -> 113.0
     7BB.776.6131 defauts mission 26 -> 7.0
     7BB.777.6131 21_31 #098_b1_MSN_HIS[26]Diag_NG_over_discharge_batt -> 0.0
     7BB.778.6131 21_31 #098_b2_MSN_HIS[26]Diag_NG_over_charge_cell -> 0.0
     7BB.784.6131 21_31 #099_b0_MSN_HIS[27]Operation_type -> 0.0
     7BB.790.6131 21_31 #099_b6_MSN_HIS[27]User_SOC_end -> 6.6000000000000005
     7BB.799.6131 21_31 #100_b7_MSN_HIS[27]User_SOC_start -> 13.200000000000001
     7BB.808.6131 21_31 #102_b0_MSN_HIS[27]Ampere_hour_discharge -> 0.0
     7BB.816.6131 21_31 #103_b0_MSN_HIS[27]Ampere_hour_charge -> 45.0
     7BB.824.6131 21_31 #104_b0_MSN_HIS[27]Battery_temp_end -> -6.0
     7BB.832.6131 21_31 #105_b0_MSN_HIS[27]Battery_temp_start -> 3.0
     7BB.840.6131 defauts mission 27 -> 5.0
     7BB.841.6131 21_31 #106_b1_MSN_HIS[27]Diag_NG_over_discharge_batt -> 0.0
     7BB.842.6131 21_31 #106_b2_MSN_HIS[27]Diag_NG_over_charge_cell -> 0.0
     7BB.844.6131 21_31 #106_b4_MSN_HIS[27]Diag_NG_over_current -> 0.0
     7BB.848.6131 21_31 #107_b0_MSN_HIS[28]Operation_type -> 0.0
     7BB.854.6131 21_31 #107_b6_MSN_HIS[28]User_SOC_end -> 0.0
     7BB.863.6131 21_31 #108_b7_MSN_HIS[28]User_SOC_start -> 12.8
     7BB.872.6131 21_31 #110_b0_MSN_HIS[28]Ampere_hour_discharge -> 64.0
     7BB.880.6131 21_31 #111_b0_MSN_HIS[28]Ampere_hour_charge -> 46.0
     7BB.888.6131 21_31 #112_b0_MSN_HIS[28]Battery_temp_end -> -40.0
     7BB.896.6131 21_31 #113_b0_MSN_HIS[28]Battery_temp_start -> -7.0
     7BB.904.6131 defauts mission 28 -> 60.0
     7BB.908.6131 21_31 #114_b4_MSN_HIS[28]Diag_NG_over_current -> 0.0
     7BB.909.6131 21_31 #114_b5_MSN_HIS[28]Diag_NG_over_temp -> 0.0
     7BB.912.6131 21_31 #115_b0_MSN_HIS[29]Operation_type -> 0.0
     7BB.918.6131 21_31 #115_b6_MSN_HIS[29]User_SOC_end -> 26.400000000000002
     7BB.927.6131 21_31 #116_b7_MSN_HIS[29]User_SOC_start -> 0.4
     7BB.936.6131 21_31 #118_b0_MSN_HIS[29]Ampere_hour_discharge -> 64.0
     7BB.944.6131 21_31 #119_b0_MSN_HIS[29]Ampere_hour_charge -> 47.0
     7BB.952.6131 21_31 #120_b0_MSN_HIS[29]Battery_temp_end -> 24.0
     7BB.960.6131 21_31 #121_b0_MSN_HIS[29]Battery_temp_start -> -40.0
     7BB.968.6131 defauts mission 29 -> 8.0
     7BB.969.6131 21_31 #122_b1_MSN_HIS[29]Diag_NG_over_discharge_batt -> 0.0
     7BB.971.6131 21_31 #122_b3_MSN_HIS[29]Diag_NG_over_discharge_cell -> 0.0
     7BB.972.6131 21_31 #122_b4_MSN_HIS[29]Diag_NG_over_current -> 0.0
     7BB.973.6131 21_31 #122_b5_MSN_HIS[29]Diag_NG_over_temp -> 0.0
      7BB.16.6132 21_32 #003_b0_MSN_HIS[30]Operation_type -> 1.0
      7BB.22.6132 21_32 #003_b6_MSN_HIS[30]User_SOC_end -> 22.8
      7BB.31.6132 21_32 #004_b7_MSN_HIS[30]User_SOC_start -> 22.8
      7BB.40.6132 21_32 #006_b0_MSN_HIS[30]Ampere_hour_discharge -> 0.0
      7BB.48.6132 21_32 #007_b0_MSN_HIS[30]Ampere_hour_charge -> 33.0
      7BB.56.6132 21_32 #008_b0_MSN_HIS[30]Battery_temp_end -> -40.0
      7BB.64.6132 21_32 #009_b0_MSN_HIS[30]Battery_temp_start -> 23.0
      7BB.72.6132 defauts mission 30 -> 15.0
      7BB.73.6132 21_32 #010_b1_MSN_HIS[30]Diag_NG_over_discharge_batt -> 0.0
      7BB.80.6132 21_32 #011_b0_MSN_HIS[31]Operation_type -> 0.0
      7BB.86.6132 21_32 #011_b6_MSN_HIS[31]User_SOC_end -> 16.2
      7BB.95.6132 21_32 #012_b7_MSN_HIS[31]User_SOC_start -> 47.6
     7BB.104.6132 21_32 #014_b0_MSN_HIS[31]Ampere_hour_discharge -> 114.0
     7BB.112.6132 21_32 #015_b0_MSN_HIS[31]Ampere_hour_charge -> 34.0
     7BB.120.6132 21_32 #016_b0_MSN_HIS[31]Battery_temp_end -> -40.0
     7BB.128.6132 21_32 #017_b0_MSN_HIS[31]Battery_temp_start -> 13.0
     7BB.136.6132 defauts mission 31 -> 15.0
     7BB.137.6132 21_32 #018_b1_MSN_HIS[31]Diag_NG_over_discharge_batt -> 0.0
     7BB.144.6132 21_32 #019_b0_MSN_HIS[32]Operation_type -> 1.0
     7BB.150.6132 21_32 #019_b6_MSN_HIS[32]User_SOC_end -> 76.80000000000001
     7BB.159.6132 21_32 #020_b7_MSN_HIS[32]User_SOC_start -> 6.800000000000001
     7BB.168.6132 21_32 #022_b0_MSN_HIS[32]Ampere_hour_discharge -> 239.0
     7BB.176.6132 21_32 #023_b0_MSN_HIS[32]Ampere_hour_charge -> 35.0
     7BB.184.6132 21_32 #024_b0_MSN_HIS[32]Battery_temp_end -> 79.0
     7BB.192.6132 21_32 #025_b0_MSN_HIS[32]Battery_temp_start -> -40.0
     7BB.200.6132 defauts mission 32 -> 0.0
     7BB.201.6132 21_32 #026_b1_MSN_HIS[32]Diag_NG_over_discharge_batt -> 0.0
     7BB.202.6132 21_32 #026_b2_MSN_HIS[32]Diag_NG_over_charge_cell -> 0.0
     7BB.203.6132 21_32 #026_b3_MSN_HIS[32]Diag_NG_over_discharge_cell -> 0.0
     7BB.204.6132 21_32 #026_b4_MSN_HIS[32]Diag_NG_over_current -> 0.0
     7BB.205.6132 21_32 #026_b5_MSN_HIS[32]Diag_NG_over_temp -> 0.0
     7BB.208.6132 21_32 #027_b0_MSN_HIS[33]Operation_type -> 1.0
     7BB.214.6132 21_32 #027_b6_MSN_HIS[33]User_SOC_end -> 83.0
     7BB.223.6132 21_32 #028_b7_MSN_HIS[33]User_SOC_start -> 51.2
     7BB.232.6132 21_32 #030_b0_MSN_HIS[33]Ampere_hour_discharge -> 34.0
     7BB.240.6132 21_32 #031_b0_MSN_HIS[33]Ampere_hour_charge -> 36.0
     7BB.248.6132 21_32 #032_b0_MSN_HIS[33]Battery_temp_end -> 135.0
     7BB.256.6132 21_32 #033_b0_MSN_HIS[33]Battery_temp_start -> 80.0
     7BB.264.6132 defauts mission 33 -> 2.0
     7BB.265.6132 21_32 #034_b1_MSN_HIS[33]Diag_NG_over_discharge_batt -> 0.0
     7BB.266.6132 21_32 #034_b2_MSN_HIS[33]Diag_NG_over_charge_cell -> 0.0
     7BB.267.6132 21_32 #034_b3_MSN_HIS[33]Diag_NG_over_discharge_cell -> 0.0
     7BB.269.6132 21_32 #034_b5_MSN_HIS[33]Diag_NG_over_temp -> 0.0
     7BB.272.6132 21_32 #035_b0_MSN_HIS[34]Operation_type -> 0.0
     7BB.278.6132 21_32 #035_b6_MSN_HIS[34]User_SOC_end -> 57.400000000000006
     7BB.287.6132 21_32 #036_b7_MSN_HIS[34]User_SOC_start -> 63.800000000000004
     7BB.296.6132 21_32 #038_b0_MSN_HIS[34]Ampere_hour_discharge -> 0.0
     7BB.304.6132 21_32 #039_b0_MSN_HIS[34]Ampere_hour_charge -> 37.0
     7BB.312.6132 21_32 #040_b0_MSN_HIS[34]Battery_temp_end -> -6.0
     7BB.320.6132 21_32 #041_b0_MSN_HIS[34]Battery_temp_start -> 37.0
     7BB.328.6132 defauts mission 34 -> 20.0
     7BB.330.6132 21_32 #042_b2_MSN_HIS[34]Diag_NG_over_charge_cell -> 0.0
     7BB.332.6132 21_32 #042_b4_MSN_HIS[34]Diag_NG_over_current -> 0.0
     7BB.333.6132 21_32 #042_b5_MSN_HIS[34]Diag_NG_over_temp -> 0.0
     7BB.336.6132 21_32 #043_b0_MSN_HIS[35]Operation_type -> 0.0
     7BB.342.6132 21_32 #043_b6_MSN_HIS[35]User_SOC_end -> 77.0
     7BB.351.6132 21_32 #044_b7_MSN_HIS[35]User_SOC_start -> 63.800000000000004
     7BB.360.6132 21_32 #046_b0_MSN_HIS[35]Ampere_hour_discharge -> 63.0
     7BB.368.6132 21_32 #047_b0_MSN_HIS[35]Ampere_hour_charge -> 38.0
     7BB.376.6132 21_32 #048_b0_MSN_HIS[35]Battery_temp_end -> -40.0
     7BB.384.6132 21_32 #049_b0_MSN_HIS[35]Battery_temp_start -> -6.0
     7BB.392.6132 defauts mission 35 -> 12.0
     7BB.393.6132 21_32 #050_b1_MSN_HIS[35]Diag_NG_over_discharge_batt -> 0.0
     7BB.396.6132 21_32 #050_b4_MSN_HIS[35]Diag_NG_over_current -> 0.0
     7BB.397.6132 21_32 #050_b5_MSN_HIS[35]Diag_NG_over_temp -> 0.0
     7BB.400.6132 21_32 #051_b0_MSN_HIS[36]Operation_type -> 0.0
     7BB.406.6132 21_32 #051_b6_MSN_HIS[36]User_SOC_end -> 51.2
     7BB.415.6132 21_32 #052_b7_MSN_HIS[36]User_SOC_start -> 0.0
     7BB.424.6132 21_32 #054_b0_MSN_HIS[36]Ampere_hour_discharge -> 63.0
     7BB.432.6132 21_32 #055_b0_MSN_HIS[36]Ampere_hour_charge -> 39.0
     7BB.440.6132 21_32 #056_b0_MSN_HIS[36]Battery_temp_end -> 23.0
     7BB.448.6132 21_32 #057_b0_MSN_HIS[36]Battery_temp_start -> -40.0
     7BB.456.6132 defauts mission 36 -> 8.0
     7BB.457.6132 21_32 #058_b1_MSN_HIS[36]Diag_NG_over_discharge_batt -> 0.0
     7BB.459.6132 21_32 #058_b3_MSN_HIS[36]Diag_NG_over_discharge_cell -> 0.0
     7BB.460.6132 21_32 #058_b4_MSN_HIS[36]Diag_NG_over_current -> 0.0
     7BB.461.6132 21_32 #058_b5_MSN_HIS[36]Diag_NG_over_temp -> 0.0
     7BB.464.6132 21_32 #059_b0_MSN_HIS[37]Operation_type -> 1.0
     7BB.470.6132 21_32 #059_b6_MSN_HIS[37]User_SOC_end -> 79.4
     7BB.479.6132 21_32 #060_b7_MSN_HIS[37]User_SOC_start -> 0.0
     7BB.488.6132 21_32 #062_b0_MSN_HIS[37]Ampere_hour_discharge -> 0.0
     7BB.496.6132 21_32 #063_b0_MSN_HIS[37]Ampere_hour_charge -> 40.0
     7BB.504.6132 21_32 #064_b0_MSN_HIS[37]Battery_temp_end -> 23.0
     7BB.512.6132 21_32 #065_b0_MSN_HIS[37]Battery_temp_start -> 23.0
     7BB.520.6132 defauts mission 37 -> 0.0
     7BB.521.6132 21_32 #066_b1_MSN_HIS[37]Diag_NG_over_discharge_batt -> 0.0
     7BB.522.6132 21_32 #066_b2_MSN_HIS[37]Diag_NG_over_charge_cell -> 0.0
     7BB.523.6132 21_32 #066_b3_MSN_HIS[37]Diag_NG_over_discharge_cell -> 0.0
     7BB.524.6132 21_32 #066_b4_MSN_HIS[37]Diag_NG_over_current -> 0.0
     7BB.525.6132 21_32 #066_b5_MSN_HIS[37]Diag_NG_over_temp -> 0.0
     7BB.528.6132 21_32 #067_b0_MSN_HIS[38]Operation_type -> 1.0
     7BB.534.6132 21_32 #067_b6_MSN_HIS[38]User_SOC_end -> 43.6
     7BB.543.6132 21_32 #068_b7_MSN_HIS[38]User_SOC_start -> 56.2
     7BB.552.6132 21_32 #070_b0_MSN_HIS[38]Ampere_hour_discharge -> 17.0
     7BB.560.6132 21_32 #071_b0_MSN_HIS[38]Ampere_hour_charge -> 41.0
     7BB.568.6132 21_32 #072_b0_MSN_HIS[38]Battery_temp_end -> -37.0
     7BB.576.6132 21_32 #073_b0_MSN_HIS[38]Battery_temp_start -> 24.0
     7BB.584.6132 defauts mission 38 -> 15.0
     7BB.585.6132 21_32 #074_b1_MSN_HIS[38]Diag_NG_over_discharge_batt -> 0.0
     7BB.592.6132 21_32 #075_b0_MSN_HIS[39]Operation_type -> 0.0
     7BB.598.6132 21_32 #075_b6_MSN_HIS[39]User_SOC_end -> 3.2
     7BB.607.6132 21_32 #076_b7_MSN_HIS[39]User_SOC_start -> 90.80000000000001
     7BB.616.6132 21_32 #078_b0_MSN_HIS[39]Ampere_hour_discharge -> 227.0
     7BB.624.6132 21_32 #079_b0_MSN_HIS[39]Ampere_hour_charge -> 42.0
     7BB.632.6132 21_32 #080_b0_MSN_HIS[39]Battery_temp_end -> -40.0
     7BB.640.6132 21_32 #081_b0_MSN_HIS[39]Battery_temp_start -> -40.0
     7BB.648.6132 defauts mission 39 -> 16.0
     7BB.650.6132 21_32 #082_b2_MSN_HIS[39]Diag_NG_over_charge_cell -> 0.0
     7BB.651.6132 21_32 #082_b3_MSN_HIS[39]Diag_NG_over_discharge_cell -> 0.0
     7BB.652.6132 21_32 #082_b4_MSN_HIS[39]Diag_NG_over_current -> 0.0
     7BB.653.6132 21_32 #082_b5_MSN_HIS[39]Diag_NG_over_temp -> 0.0
     7BB.656.6132 21_32 #083_b0_MSN_HIS[40]Operation_type -> 2.0
     7BB.662.6132 21_32 #083_b6_MSN_HIS[40]User_SOC_end -> 0.0
     7BB.671.6132 21_32 #084_b7_MSN_HIS[40]User_SOC_start -> 6.6000000000000005
     7BB.680.6132 21_32 #086_b0_MSN_HIS[40]Ampere_hour_discharge -> 166.0
     7BB.688.6132 21_32 #087_b0_MSN_HIS[40]Ampere_hour_charge -> 43.0
     7BB.696.6132 21_32 #088_b0_MSN_HIS[40]Battery_temp_end -> 187.0
     7BB.704.6132 21_32 #089_b0_MSN_HIS[40]Battery_temp_start -> -35.0
     7BB.712.6132 defauts mission 40 -> 0.0
     7BB.713.6132 21_32 #090_b1_MSN_HIS[40]Diag_NG_over_discharge_batt -> 0.0
     7BB.714.6132 21_32 #090_b2_MSN_HIS[40]Diag_NG_over_charge_cell -> 0.0
     7BB.715.6132 21_32 #090_b3_MSN_HIS[40]Diag_NG_over_discharge_cell -> 0.0
     7BB.716.6132 21_32 #090_b4_MSN_HIS[40]Diag_NG_over_current -> 0.0
     7BB.717.6132 21_32 #090_b5_MSN_HIS[40]Diag_NG_over_temp -> 0.0
     7BB.720.6132 21_32 #091_b0_MSN_HIS[41]Operation_type -> 2.0
     7BB.726.6132 21_32 #091_b6_MSN_HIS[41]User_SOC_end -> 6.4
     7BB.735.6132 21_32 #092_b7_MSN_HIS[41]User_SOC_start -> 0.0
     7BB.744.6132 21_32 #094_b0_MSN_HIS[41]Ampere_hour_discharge -> 33.0
     7BB.752.6132 21_32 #095_b0_MSN_HIS[41]Ampere_hour_charge -> 44.0
     7BB.760.6132 21_32 #096_b0_MSN_HIS[41]Battery_temp_end -> 120.0
     7BB.768.6132 21_32 #097_b0_MSN_HIS[41]Battery_temp_start -> 168.0
     7BB.776.6132 defauts mission 41 -> 0.0
     7BB.777.6132 21_32 #098_b1_MSN_HIS[41]Diag_NG_over_discharge_batt -> 0.0
     7BB.778.6132 21_32 #098_b2_MSN_HIS[41]Diag_NG_over_charge_cell -> 0.0
     7BB.779.6132 21_32 #098_b3_MSN_HIS[41]Diag_NG_over_discharge_cell -> 0.0
     7BB.780.6132 21_32 #098_b4_MSN_HIS[41]Diag_NG_over_current -> 0.0
     7BB.781.6132 21_32 #098_b5_MSN_HIS[41]Diag_NG_over_temp -> 0.0
     7BB.784.6132 21_32 #099_b0_MSN_HIS[42]Operation_type -> 0.0
     7BB.790.6132 21_32 #099_b6_MSN_HIS[42]User_SOC_end -> 6.4
     7BB.799.6132 21_32 #100_b7_MSN_HIS[42]User_SOC_start -> 12.8
     7BB.808.6132 21_32 #102_b0_MSN_HIS[42]Ampere_hour_discharge -> 0.0
     7BB.816.6132 21_32 #103_b0_MSN_HIS[42]Ampere_hour_charge -> 45.0
     7BB.824.6132 21_32 #104_b0_MSN_HIS[42]Battery_temp_end -> -7.0
     7BB.832.6132 21_32 #105_b0_MSN_HIS[42]Battery_temp_start -> 102.0
     7BB.840.6132 defauts mission 42 -> 52.0
     7BB.842.6132 21_32 #106_b2_MSN_HIS[42]Diag_NG_over_charge_cell -> 0.0
     7BB.844.6132 21_32 #106_b4_MSN_HIS[42]Diag_NG_over_current -> 0.0
     7BB.845.6132 21_32 #106_b5_MSN_HIS[42]Diag_NG_over_temp -> 0.0
     7BB.848.6132 21_32 #107_b0_MSN_HIS[43]Operation_type -> 0.0
     7BB.854.6132 21_32 #107_b6_MSN_HIS[43]User_SOC_end -> 76.80000000000001
     7BB.863.6132 21_32 #108_b7_MSN_HIS[43]User_SOC_start -> 64.0
     7BB.872.6132 21_32 #110_b0_MSN_HIS[43]Ampere_hour_discharge -> 64.0
     7BB.880.6132 21_32 #111_b0_MSN_HIS[43]Ampere_hour_charge -> 46.0
     7BB.888.6132 21_32 #112_b0_MSN_HIS[43]Battery_temp_end -> -40.0
     7BB.896.6132 21_32 #113_b0_MSN_HIS[43]Battery_temp_start -> -7.0
     7BB.904.6132 defauts mission 43 -> 32.0
     7BB.905.6132 21_32 #114_b1_MSN_HIS[43]Diag_NG_over_discharge_batt -> 0.0
     7BB.906.6132 21_32 #114_b2_MSN_HIS[43]Diag_NG_over_charge_cell -> 0.0
     7BB.907.6132 21_32 #114_b3_MSN_HIS[43]Diag_NG_over_discharge_cell -> 0.0
     7BB.908.6132 21_32 #114_b4_MSN_HIS[43]Diag_NG_over_current -> 0.0
     7BB.909.6132 21_32 #114_b5_MSN_HIS[43]Diag_NG_over_temp -> 0.0
     7BB.912.6132 21_32 #115_b0_MSN_HIS[44]Operation_type -> 6.0
     7BB.918.6132 21_32 #115_b6_MSN_HIS[44]User_SOC_end -> 0.0
     7BB.927.6132 21_32 #116_b7_MSN_HIS[44]User_SOC_start -> 51.2
     7BB.936.6132 21_32 #118_b0_MSN_HIS[44]Ampere_hour_discharge -> 64.0
     7BB.944.6132 21_32 #119_b0_MSN_HIS[44]Ampere_hour_charge -> 47.0
     7BB.952.6132 21_32 #120_b0_MSN_HIS[44]Battery_temp_end -> 24.0
     7BB.960.6132 21_32 #121_b0_MSN_HIS[44]Battery_temp_start -> -40.0
     7BB.968.6132 defauts mission 44 -> 8.0
     7BB.969.6132 21_32 #122_b1_MSN_HIS[44]Diag_NG_over_discharge_batt -> 0.0
     7BB.971.6132 21_32 #122_b3_MSN_HIS[44]Diag_NG_over_discharge_cell -> 0.0
     7BB.972.6132 21_32 #122_b4_MSN_HIS[44]Diag_NG_over_current -> 0.0
     7BB.973.6132 21_32 #122_b5_MSN_HIS[44]Diag_NG_over_temp -> 0.0
      7BB.16.6133 21_33 #003_b0_MSN_HIS[45]Operation_type -> 1.0
      7BB.22.6133 21_33 #003_b6_MSN_HIS[45]User_SOC_end -> 73.2
      7BB.31.6133 21_33 #004_b7_MSN_HIS[45]User_SOC_start -> 73.0
      7BB.40.6133 21_33 #006_b0_MSN_HIS[45]Ampere_hour_discharge -> 0.0
      7BB.48.6133 21_33 #007_b0_MSN_HIS[45]Ampere_hour_charge -> 33.0
      7BB.56.6133 21_33 #008_b0_MSN_HIS[45]Battery_temp_end -> -40.0
      7BB.64.6133 21_33 #009_b0_MSN_HIS[45]Battery_temp_start -> 22.0
      7BB.72.6133 defauts mission 45 -> 15.0
      7BB.73.6133 21_33 #010_b1_MSN_HIS[45]Diag_NG_over_discharge_batt -> 0.0
      7BB.80.6133 21_33 #011_b0_MSN_HIS[46]Operation_type -> 0.0
      7BB.86.6133 21_33 #011_b6_MSN_HIS[46]User_SOC_end -> 3.4000000000000004
      7BB.95.6133 21_33 #012_b7_MSN_HIS[46]User_SOC_start -> 42.6
     7BB.104.6133 21_33 #014_b0_MSN_HIS[46]Ampere_hour_discharge -> 110.0
     7BB.112.6133 21_33 #015_b0_MSN_HIS[46]Ampere_hour_charge -> 34.0
     7BB.120.6133 21_33 #016_b0_MSN_HIS[46]Battery_temp_end -> -39.0
     7BB.128.6133 21_33 #017_b0_MSN_HIS[46]Battery_temp_start -> -40.0
     7BB.136.6133 defauts mission 46 -> 15.0
     7BB.137.6133 21_33 #018_b1_MSN_HIS[46]Diag_NG_over_discharge_batt -> 0.0
     7BB.144.6133 21_33 #019_b0_MSN_HIS[47]Operation_type -> 1.0
     7BB.150.6133 21_33 #019_b6_MSN_HIS[47]User_SOC_end -> 25.6
     7BB.159.6133 21_33 #020_b7_MSN_HIS[47]User_SOC_start -> 6.800000000000001
     7BB.168.6133 21_33 #022_b0_MSN_HIS[47]Ampere_hour_discharge -> 207.0
     7BB.176.6133 21_33 #023_b0_MSN_HIS[47]Ampere_hour_charge -> 35.0
     7BB.184.6133 21_33 #024_b0_MSN_HIS[47]Battery_temp_end -> 66.0
     7BB.192.6133 21_33 #025_b0_MSN_HIS[47]Battery_temp_start -> -39.0
     7BB.200.6133 defauts mission 47 -> 0.0
     7BB.201.6133 21_33 #026_b1_MSN_HIS[47]Diag_NG_over_discharge_batt -> 0.0
     7BB.202.6133 21_33 #026_b2_MSN_HIS[47]Diag_NG_over_charge_cell -> 0.0
     7BB.203.6133 21_33 #026_b3_MSN_HIS[47]Diag_NG_over_discharge_cell -> 0.0
     7BB.204.6133 21_33 #026_b4_MSN_HIS[47]Diag_NG_over_current -> 0.0
     7BB.205.6133 21_33 #026_b5_MSN_HIS[47]Diag_NG_over_temp -> 0.0
     7BB.208.6133 21_33 #027_b0_MSN_HIS[48]Operation_type -> 1.0
     7BB.214.6133 21_33 #027_b6_MSN_HIS[48]User_SOC_end -> 6.0
     7BB.223.6133 21_33 #028_b7_MSN_HIS[48]User_SOC_start -> 0.0
     7BB.232.6133 21_33 #030_b0_MSN_HIS[48]Ampere_hour_discharge -> 34.0
     7BB.240.6133 21_33 #031_b0_MSN_HIS[48]Ampere_hour_charge -> 36.0
     7BB.248.6133 21_33 #032_b0_MSN_HIS[48]Battery_temp_end -> 163.0
     7BB.256.6133 21_33 #033_b0_MSN_HIS[48]Battery_temp_start -> 62.0
     7BB.264.6133 defauts mission 48 -> 0.0
     7BB.265.6133 21_33 #034_b1_MSN_HIS[48]Diag_NG_over_discharge_batt -> 0.0
     7BB.266.6133 21_33 #034_b2_MSN_HIS[48]Diag_NG_over_charge_cell -> 0.0
     7BB.267.6133 21_33 #034_b3_MSN_HIS[48]Diag_NG_over_discharge_cell -> 0.0
     7BB.268.6133 21_33 #034_b4_MSN_HIS[48]Diag_NG_over_current -> 0.0
     7BB.269.6133 21_33 #034_b5_MSN_HIS[48]Diag_NG_over_temp -> 0.0
     7BB.272.6133 21_33 #035_b0_MSN_HIS[49]Operation_type -> 0.0
     7BB.278.6133 21_33 #035_b6_MSN_HIS[49]User_SOC_end -> 6.0
     7BB.287.6133 21_33 #036_b7_MSN_HIS[49]User_SOC_start -> 12.0
     7BB.296.6133 21_33 #038_b0_MSN_HIS[49]Ampere_hour_discharge -> 0.0
     7BB.304.6133 21_33 #039_b0_MSN_HIS[49]Ampere_hour_charge -> 37.0
     7BB.312.6133 21_33 #040_b0_MSN_HIS[49]Battery_temp_end -> -6.0
     7BB.320.6133 21_33 #041_b0_MSN_HIS[49]Battery_temp_start -> 165.0
     7BB.328.6133 defauts mission 49 -> 25.0
     7BB.331.6133 21_33 #042_b3_MSN_HIS[49]Diag_NG_over_discharge_cell -> 0.0
     7BB.332.6133 21_33 #042_b4_MSN_HIS[49]Diag_NG_over_current -> 0.0
     7BB.336.6133 21_33 #043_b0_MSN_HIS[50]Operation_type -> 0.0
     7BB.342.6133 21_33 #043_b6_MSN_HIS[50]User_SOC_end -> 0.0
     7BB.351.6133 21_33 #044_b7_MSN_HIS[50]User_SOC_start -> 12.200000000000001
     7BB.360.6133 21_33 #046_b0_MSN_HIS[50]Ampere_hour_discharge -> 60.0
     7BB.368.6133 21_33 #047_b0_MSN_HIS[50]Ampere_hour_charge -> 38.0
     7BB.376.6133 21_33 #048_b0_MSN_HIS[50]Battery_temp_end -> -40.0
     7BB.384.6133 21_33 #049_b0_MSN_HIS[50]Battery_temp_start -> -6.0
     7BB.392.6133 defauts mission 50 -> 40.0
     7BB.393.6133 21_33 #050_b1_MSN_HIS[50]Diag_NG_over_discharge_batt -> 0.0
     7BB.395.6133 21_33 #050_b3_MSN_HIS[50]Diag_NG_over_discharge_cell -> 0.0
     7BB.396.6133 21_33 #050_b4_MSN_HIS[50]Diag_NG_over_current -> 0.0
     7BB.397.6133 21_33 #050_b5_MSN_HIS[50]Diag_NG_over_temp -> 0.0
     7BB.400.6133 21_33 #051_b0_MSN_HIS[51]Operation_type -> 3.0
     7BB.406.6133 21_33 #051_b6_MSN_HIS[51]User_SOC_end -> 26.0
     7BB.415.6133 21_33 #052_b7_MSN_HIS[51]User_SOC_start -> 51.400000000000006
     7BB.424.6133 21_33 #054_b0_MSN_HIS[51]Ampere_hour_discharge -> 61.0
     7BB.432.6133 21_33 #055_b0_MSN_HIS[51]Ampere_hour_charge -> 39.0
     7BB.440.6133 21_33 #056_b0_MSN_HIS[51]Battery_temp_end -> 21.0
     7BB.448.6133 21_33 #057_b0_MSN_HIS[51]Battery_temp_start -> -40.0
     7BB.456.6133 defauts mission 51 -> 8.0
     7BB.457.6133 21_33 #058_b1_MSN_HIS[51]Diag_NG_over_discharge_batt -> 0.0
     7BB.459.6133 21_33 #058_b3_MSN_HIS[51]Diag_NG_over_discharge_cell -> 0.0
     7BB.460.6133 21_33 #058_b4_MSN_HIS[51]Diag_NG_over_current -> 0.0
     7BB.461.6133 21_33 #058_b5_MSN_HIS[51]Diag_NG_over_temp -> 0.0
     7BB.464.6133 21_33 #059_b0_MSN_HIS[52]Operation_type -> 4.0
     7BB.470.6133 21_33 #059_b6_MSN_HIS[52]User_SOC_end -> 33.4
     7BB.479.6133 21_33 #060_b7_MSN_HIS[52]User_SOC_start -> 0.8
     7BB.488.6133 21_33 #062_b0_MSN_HIS[52]Ampere_hour_discharge -> 1.0
     7BB.496.6133 21_33 #063_b0_MSN_HIS[52]Ampere_hour_charge -> 40.0
     7BB.504.6133 21_33 #064_b0_MSN_HIS[52]Battery_temp_end -> 22.0
     7BB.512.6133 21_33 #065_b0_MSN_HIS[52]Battery_temp_start -> 21.0
     7BB.520.6133 defauts mission 52 -> 0.0
     7BB.521.6133 21_33 #066_b1_MSN_HIS[52]Diag_NG_over_discharge_batt -> 0.0
     7BB.522.6133 21_33 #066_b2_MSN_HIS[52]Diag_NG_over_charge_cell -> 0.0
     7BB.523.6133 21_33 #066_b3_MSN_HIS[52]Diag_NG_over_discharge_cell -> 0.0
     7BB.524.6133 21_33 #066_b4_MSN_HIS[52]Diag_NG_over_current -> 0.0
     7BB.525.6133 21_33 #066_b5_MSN_HIS[52]Diag_NG_over_temp -> 0.0
     7BB.528.6133 21_33 #067_b0_MSN_HIS[53]Operation_type -> 1.0
     7BB.534.6133 21_33 #067_b6_MSN_HIS[53]User_SOC_end -> 59.2
     7BB.543.6133 21_33 #068_b7_MSN_HIS[53]User_SOC_start -> 61.6
     7BB.552.6133 21_33 #070_b0_MSN_HIS[53]Ampere_hour_discharge -> 2.0
     7BB.560.6133 21_33 #071_b0_MSN_HIS[53]Ampere_hour_charge -> 41.0
     7BB.568.6133 21_33 #072_b0_MSN_HIS[53]Battery_temp_end -> -40.0
     7BB.576.6133 21_33 #073_b0_MSN_HIS[53]Battery_temp_start -> 22.0
     7BB.584.6133 defauts mission 53 -> 15.0
     7BB.585.6133 21_33 #074_b1_MSN_HIS[53]Diag_NG_over_discharge_batt -> 0.0
     7BB.592.6133 21_33 #075_b0_MSN_HIS[54]Operation_type -> 0.0
     7BB.598.6133 21_33 #075_b6_MSN_HIS[54]User_SOC_end -> 3.4000000000000004
     7BB.607.6133 21_33 #076_b7_MSN_HIS[54]User_SOC_start -> 7.4
     7BB.616.6133 21_33 #078_b0_MSN_HIS[54]Ampere_hour_discharge -> 37.0
     7BB.624.6133 21_33 #079_b0_MSN_HIS[54]Ampere_hour_charge -> 42.0
     7BB.632.6133 21_33 #080_b0_MSN_HIS[54]Battery_temp_end -> -35.0
     7BB.640.6133 21_33 #081_b0_MSN_HIS[54]Battery_temp_start -> -39.0
     7BB.648.6133 defauts mission 54 -> 15.0
     7BB.649.6133 21_33 #082_b1_MSN_HIS[54]Diag_NG_over_discharge_batt -> 0.0
     7BB.656.6133 21_33 #083_b0_MSN_HIS[55]Operation_type -> 1.0
     7BB.662.6133 21_33 #083_b6_MSN_HIS[55]User_SOC_end -> 51.2
     7BB.671.6133 21_33 #084_b7_MSN_HIS[55]User_SOC_start -> 6.800000000000001
     7BB.680.6133 21_33 #086_b0_MSN_HIS[55]Ampere_hour_discharge -> 47.0
     7BB.688.6133 21_33 #087_b0_MSN_HIS[55]Ampere_hour_charge -> 43.0
     7BB.696.6133 21_33 #088_b0_MSN_HIS[55]Battery_temp_end -> -17.0
     7BB.704.6133 21_33 #089_b0_MSN_HIS[55]Battery_temp_start -> -40.0
     7BB.712.6133 defauts mission 55 -> 0.0
     7BB.713.6133 21_33 #090_b1_MSN_HIS[55]Diag_NG_over_discharge_batt -> 0.0
     7BB.714.6133 21_33 #090_b2_MSN_HIS[55]Diag_NG_over_charge_cell -> 0.0
     7BB.715.6133 21_33 #090_b3_MSN_HIS[55]Diag_NG_over_discharge_cell -> 0.0
     7BB.716.6133 21_33 #090_b4_MSN_HIS[55]Diag_NG_over_current -> 0.0
     7BB.717.6133 21_33 #090_b5_MSN_HIS[55]Diag_NG_over_temp -> 0.0
     7BB.720.6133 21_33 #091_b0_MSN_HIS[56]Operation_type -> 1.0
     7BB.726.6133 21_33 #091_b6_MSN_HIS[56]User_SOC_end -> 83.0
     7BB.735.6133 21_33 #092_b7_MSN_HIS[56]User_SOC_start -> 51.2
     7BB.744.6133 21_33 #094_b0_MSN_HIS[56]Ampere_hour_discharge -> 34.0
     7BB.752.6133 21_33 #095_b0_MSN_HIS[56]Ampere_hour_charge -> 44.0
     7BB.760.6133 21_33 #096_b0_MSN_HIS[56]Battery_temp_end -> 9.0
     7BB.768.6133 21_33 #097_b0_MSN_HIS[56]Battery_temp_start -> -16.0
     7BB.776.6133 defauts mission 56 -> 0.0
     7BB.777.6133 21_33 #098_b1_MSN_HIS[56]Diag_NG_over_discharge_batt -> 0.0
     7BB.778.6133 21_33 #098_b2_MSN_HIS[56]Diag_NG_over_charge_cell -> 0.0
     7BB.779.6133 21_33 #098_b3_MSN_HIS[56]Diag_NG_over_discharge_cell -> 0.0
     7BB.780.6133 21_33 #098_b4_MSN_HIS[56]Diag_NG_over_current -> 0.0
     7BB.781.6133 21_33 #098_b5_MSN_HIS[56]Diag_NG_over_temp -> 0.0
     7BB.784.6133 21_33 #099_b0_MSN_HIS[57]Operation_type -> 0.0
     7BB.790.6133 21_33 #099_b6_MSN_HIS[57]User_SOC_end -> 6.2
     7BB.799.6133 21_33 #100_b7_MSN_HIS[57]User_SOC_start -> 63.800000000000004
     7BB.808.6133 21_33 #102_b0_MSN_HIS[57]Ampere_hour_discharge -> 0.0
     7BB.816.6133 21_33 #103_b0_MSN_HIS[57]Ampere_hour_charge -> 45.0
     7BB.824.6133 21_33 #104_b0_MSN_HIS[57]Battery_temp_end -> -6.0
     7BB.832.6133 21_33 #105_b0_MSN_HIS[57]Battery_temp_start -> -19.0
     7BB.840.6133 defauts mission 57 -> 5.0
     7BB.841.6133 21_33 #106_b1_MSN_HIS[57]Diag_NG_over_discharge_batt -> 0.0
     7BB.842.6133 21_33 #106_b2_MSN_HIS[57]Diag_NG_over_charge_cell -> 0.0
     7BB.844.6133 21_33 #106_b4_MSN_HIS[57]Diag_NG_over_current -> 0.0
     7BB.848.6133 21_33 #107_b0_MSN_HIS[58]Operation_type -> 0.0
     7BB.854.6133 21_33 #107_b6_MSN_HIS[58]User_SOC_end -> 76.80000000000001
     7BB.863.6133 21_33 #108_b7_MSN_HIS[58]User_SOC_start -> 63.6
     7BB.872.6133 21_33 #110_b0_MSN_HIS[58]Ampere_hour_discharge -> 62.0
     7BB.880.6133 21_33 #111_b0_MSN_HIS[58]Ampere_hour_charge -> 46.0
     7BB.888.6133 21_33 #112_b0_MSN_HIS[58]Battery_temp_end -> -40.0
     7BB.896.6133 21_33 #113_b0_MSN_HIS[58]Battery_temp_start -> -6.0
     7BB.904.6133 defauts mission 58 -> 6.0
     7BB.905.6133 21_33 #114_b1_MSN_HIS[58]Diag_NG_over_discharge_batt -> 0.0
     7BB.906.6133 21_33 #114_b2_MSN_HIS[58]Diag_NG_over_charge_cell -> 0.0
     7BB.909.6133 21_33 #114_b5_MSN_HIS[58]Diag_NG_over_temp -> 0.0
     7BB.912.6133 21_33 #115_b0_MSN_HIS[59]Operation_type -> 0.0
     7BB.918.6133 21_33 #115_b6_MSN_HIS[59]User_SOC_end -> 0.0
     7BB.927.6133 21_33 #116_b7_MSN_HIS[59]User_SOC_start -> 0.0
     7BB.936.6133 21_33 #118_b0_MSN_HIS[59]Ampere_hour_discharge -> 59.0
     7BB.944.6133 21_33 #119_b0_MSN_HIS[59]Ampere_hour_charge -> 47.0
     7BB.952.6133 21_33 #120_b0_MSN_HIS[59]Battery_temp_end -> 19.0
     7BB.960.6133 21_33 #121_b0_MSN_HIS[59]Battery_temp_start -> -40.0
     7BB.968.6133 defauts mission 59 -> 40.0
     7BB.969.6133 21_33 #122_b1_MSN_HIS[59]Diag_NG_over_discharge_batt -> 0.0
     7BB.971.6133 21_33 #122_b3_MSN_HIS[59]Diag_NG_over_discharge_cell -> 0.0
     7BB.972.6133 21_33 #122_b4_MSN_HIS[59]Diag_NG_over_current -> 0.0
     7BB.973.6133 21_33 #122_b5_MSN_HIS[59]Diag_NG_over_temp -> 0.0
      7BB.16.6134 21_34 #003_b0_MSN_HIS[60]Operation_type -> 5.0
      7BB.22.6134 21_34 #003_b6_MSN_HIS[60]User_SOC_end -> 54.400000000000006
      7BB.31.6134 21_34 #004_b7_MSN_HIS[60]User_SOC_start -> 53.6
      7BB.40.6134 21_34 #006_b0_MSN_HIS[60]Ampere_hour_discharge -> 0.0
      7BB.48.6134 21_34 #007_b0_MSN_HIS[60]Ampere_hour_charge -> 33.0
      7BB.56.6134 21_34 #008_b0_MSN_HIS[60]Battery_temp_end -> -39.0
      7BB.64.6134 21_34 #009_b0_MSN_HIS[60]Battery_temp_start -> 19.0
      7BB.72.6134 defauts mission 60 -> 14.0
      7BB.73.6134 21_34 #010_b1_MSN_HIS[60]Diag_NG_over_discharge_batt -> 0.0
      7BB.77.6134 21_34 #010_b5_MSN_HIS[60]Diag_NG_over_temp -> 0.0
      7BB.80.6134 21_34 #011_b0_MSN_HIS[61]Operation_type -> 0.0
      7BB.86.6134 21_34 #011_b6_MSN_HIS[61]User_SOC_end -> 3.4000000000000004
      7BB.95.6134 21_34 #012_b7_MSN_HIS[61]User_SOC_start -> 6.2
     7BB.104.6134 21_34 #014_b0_MSN_HIS[61]Ampere_hour_discharge -> 15.0
     7BB.112.6134 21_34 #015_b0_MSN_HIS[61]Ampere_hour_charge -> 34.0
     7BB.120.6134 21_34 #016_b0_MSN_HIS[61]Battery_temp_end -> -40.0
     7BB.128.6134 21_34 #017_b0_MSN_HIS[61]Battery_temp_start -> -40.0
     7BB.136.6134 defauts mission 61 -> 14.0
     7BB.137.6134 21_34 #018_b1_MSN_HIS[61]Diag_NG_over_discharge_batt -> 0.0
     7BB.141.6134 21_34 #018_b5_MSN_HIS[61]Diag_NG_over_temp -> 0.0
     7BB.144.6134 21_34 #019_b0_MSN_HIS[62]Operation_type -> 1.0
     7BB.150.6134 21_34 #019_b6_MSN_HIS[62]User_SOC_end -> 76.80000000000001
     7BB.159.6134 21_34 #020_b7_MSN_HIS[62]User_SOC_start -> 32.4
     7BB.168.6134 21_34 #022_b0_MSN_HIS[62]Ampere_hour_discharge -> 49.0
     7BB.176.6134 21_34 #023_b0_MSN_HIS[62]Ampere_hour_charge -> 35.0
     7BB.184.6134 21_34 #024_b0_MSN_HIS[62]Battery_temp_end -> -25.0
     7BB.192.6134 21_34 #025_b0_MSN_HIS[62]Battery_temp_start -> -40.0
     7BB.200.6134 defauts mission 62 -> 0.0
     7BB.201.6134 21_34 #026_b1_MSN_HIS[62]Diag_NG_over_discharge_batt -> 0.0
     7BB.202.6134 21_34 #026_b2_MSN_HIS[62]Diag_NG_over_charge_cell -> 0.0
     7BB.203.6134 21_34 #026_b3_MSN_HIS[62]Diag_NG_over_discharge_cell -> 0.0
     7BB.204.6134 21_34 #026_b4_MSN_HIS[62]Diag_NG_over_current -> 0.0
     7BB.205.6134 21_34 #026_b5_MSN_HIS[62]Diag_NG_over_temp -> 0.0
     7BB.208.6134 21_34 #027_b0_MSN_HIS[63]Operation_type -> 1.0
     7BB.214.6134 21_34 #027_b6_MSN_HIS[63]User_SOC_end -> 5.800000000000001
     7BB.223.6134 21_34 #028_b7_MSN_HIS[63]User_SOC_start -> 51.2
     7BB.232.6134 21_34 #030_b0_MSN_HIS[63]Ampere_hour_discharge -> 34.0
     7BB.240.6134 21_34 #031_b0_MSN_HIS[63]Ampere_hour_charge -> 36.0
     7BB.248.6134 21_34 #032_b0_MSN_HIS[63]Battery_temp_end -> 3.0
     7BB.256.6134 21_34 #033_b0_MSN_HIS[63]Battery_temp_start -> -19.0
     7BB.264.6134 defauts mission 63 -> 0.0
     7BB.265.6134 21_34 #034_b1_MSN_HIS[63]Diag_NG_over_discharge_batt -> 0.0
     7BB.266.6134 21_34 #034_b2_MSN_HIS[63]Diag_NG_over_charge_cell -> 0.0
     7BB.267.6134 21_34 #034_b3_MSN_HIS[63]Diag_NG_over_discharge_cell -> 0.0
     7BB.268.6134 21_34 #034_b4_MSN_HIS[63]Diag_NG_over_current -> 0.0
     7BB.269.6134 21_34 #034_b5_MSN_HIS[63]Diag_NG_over_temp -> 0.0
      7BB.16.6141 21_41_#003_Cell Voltage[00] -> 3.775
      7BB.32.6141 21_41_#005_Cell Voltage[01] -> 3.775
      7BB.48.6141 21_41_#007_Cell Voltage[02] -> 8.462
      7BB.64.6141 21_41_#009_Cell Voltage[03] -> 50.19
      7BB.80.6141 21_41_#011_Cell Voltage[04] -> 48.654
      7BB.96.6141 21_41_#013_Cell Voltage[05] -> 48.654
     7BB.112.6141 21_41_#015_Cell Voltage[06] -> 8.89
     7BB.128.6141 21_41_#017_Cell Voltage[07] -> 3.769
     7BB.144.6141 21_41_#019_Cell Voltage[08] -> 3.777
     7BB.160.6141 21_41_#021_Cell Voltage[09] -> 3.7760000000000002
     7BB.176.6141 21_41_#023_Cell Voltage[10] -> 8.974
     7BB.192.6141 21_41_#025_Cell Voltage[11] -> 49.166000000000004
     7BB.208.6141 21_41_#027_Cell Voltage[12] -> 48.654
     7BB.224.6141 21_41_#029_Cell Voltage[13] -> 49.166000000000004
     7BB.240.6141 21_41_#031_Cell Voltage[14] -> 9.406
     7BB.256.6141 21_41_#033_Cell Voltage[15] -> 3.7760000000000002
     7BB.272.6141 21_41_#035_Cell Voltage[16] -> 3.775
     7BB.288.6141 21_41_#037_Cell Voltage[17] -> 3.777
     7BB.304.6141 21_41_#039_Cell Voltage[18] -> 9.486
     7BB.320.6141 21_41_#041_Cell Voltage[19] -> 49.422000000000004
     7BB.336.6141 21_41_#043_Cell Voltage[20] -> 49.422000000000004
     7BB.352.6141 21_41_#045_Cell Voltage[21] -> 47.886
     7BB.368.6141 21_41_#047_Cell Voltage[22] -> 9.919
     7BB.384.6141 21_41_#049_Cell Voltage[23] -> 3.775
     7BB.400.6141 21_41_#051_Cell Voltage[24] -> 3.775
     7BB.416.6141 21_41_#053_Cell Voltage[25] -> 3.774
     7BB.432.6141 21_41_#055_Cell Voltage[26] -> 9.998
     7BB.448.6141 21_41_#057_Cell Voltage[27] -> 49.166000000000004
     7BB.464.6141 21_41_#059_Cell Voltage[28] -> 48.654
     7BB.480.6141 21_41_#061_Cell Voltage[29] -> 47.886
     7BB.496.6141 21_41_#063_Cell Voltage[30] -> 10.428
     7BB.512.6141 21_41_#065_Cell Voltage[31] -> 3.7760000000000002
     7BB.528.6141 21_41_#067_Cell Voltage[32] -> 3.771
     7BB.544.6141 21_41_#069_Cell Voltage[33] -> 3.7720000000000002
     7BB.560.6141 21_41_#071_Cell Voltage[34] -> 10.51
     7BB.576.6141 21_41_#073_Cell Voltage[35] -> 47.63
     7BB.592.6141 21_41_#075_Cell Voltage[36] -> 48.142
     7BB.608.6141 21_41_#077_Cell Voltage[37] -> 49.166000000000004
     7BB.624.6141 21_41_#079_Cell Voltage[38] -> 10.944
     7BB.640.6141 21_41_#081_Cell Voltage[39] -> 3.7760000000000002
     7BB.656.6141 21_41_#083_Cell Voltage[40] -> 3.77
     7BB.672.6141 21_41_#085_Cell Voltage[41] -> 3.7760000000000002
     7BB.688.6141 21_41_#087_Cell Voltage[42] -> 11.022
     7BB.704.6141 21_41_#089_Cell Voltage[43] -> 48.910000000000004
     7BB.720.6141 21_41_#091_Cell Voltage[44] -> 48.142
     7BB.736.6141 21_41_#093_Cell Voltage[45] -> 49.166000000000004
     7BB.752.6141 21_41_#095_Cell Voltage[46] -> 11.456
     7BB.768.6141 21_41_#097_Cell Voltage[47] -> 3.7720000000000002
     7BB.784.6141 21_41_#099_Cell Voltage[48] -> 3.7720000000000002
     7BB.800.6141 21_41_#101_Cell Voltage[49] -> 3.775
     7BB.816.6141 21_41_#103_Cell Voltage[50] -> 11.534
     7BB.832.6141 21_41_#105_Cell Voltage[51] -> 48.142
     7BB.848.6141 21_41_#107_Cell Voltage[52] -> 48.910000000000004
     7BB.864.6141 21_41_#109_Cell Voltage[53] -> 49.422000000000004
     7BB.880.6141 21_41_#111_Cell Voltage[54] -> 11.97
     7BB.896.6141 21_41_#113_Cell Voltage[55] -> 3.769
     7BB.912.6141 21_41_#115_Cell Voltage[56] -> 3.774
     7BB.928.6141 21_41_#117_Cell Voltage[57] -> 3.7720000000000002
     7BB.944.6141 21_41_#119_Cell Voltage[58] -> 12.046
     7BB.960.6141 21_41_#121_Cell Voltage[59] -> 49.422000000000004
     7BB.976.6141 21_41_#123_Cell Voltage[60] -> 47.886
     7BB.992.6141 21_41_#125_Cell Voltage[61] -> 49.166000000000004
      7BB.16.6142 21_42_#003_Cell Voltage[62] -> 3.775
      7BB.32.6142 21_42_#005_Cell Voltage[63] -> 3.775
      7BB.48.6142 21_42_#007_Cell Voltage[64] -> 8.462
      7BB.64.6142 21_42_#009_Cell Voltage[65] -> 49.422000000000004
      7BB.80.6142 21_42_#011_Cell Voltage[66] -> 48.654
      7BB.96.6142 21_42_#013_Cell Voltage[67] -> 49.422000000000004
     7BB.112.6142 21_42_#015_Cell Voltage[68] -> 8.895
     7BB.128.6142 21_42_#017_Cell Voltage[69] -> 3.774
     7BB.144.6142 21_42_#019_Cell Voltage[70] -> 3.7720000000000002
     7BB.160.6142 21_42_#021_Cell Voltage[71] -> 3.774
     7BB.176.6142 21_42_#023_Cell Voltage[72] -> 8.974
     7BB.192.6142 21_42_#025_Cell Voltage[73] -> 48.654
     7BB.208.6142 21_42_#027_Cell Voltage[74] -> 47.886
     7BB.224.6142 21_42_#029_Cell Voltage[75] -> 47.118
     7BB.240.6142 21_42_#031_Cell Voltage[76] -> 9.4
     7BB.256.6142 21_42_#033_Cell Voltage[77] -> 3.771
     7BB.272.6142 21_42_#035_Cell Voltage[78] -> 3.771
     7BB.288.6142 21_42_#037_Cell Voltage[79] -> 3.774
     7BB.304.6142 21_42_#039_Cell Voltage[80] -> 9.486
     7BB.320.6142 21_42_#041_Cell Voltage[81] -> 47.886
     7BB.336.6142 21_42_#043_Cell Voltage[82] -> 49.678000000000004
     7BB.352.6142 21_42_#045_Cell Voltage[83] -> 48.654
     7BB.368.6142 21_42_#047_Cell Voltage[84] -> 9.915000000000001
     7BB.384.6142 21_42_#049_Cell Voltage[85] -> 3.7720000000000002
     7BB.400.6142 21_42_#051_Cell Voltage[86] -> 3.774
     7BB.416.6142 21_42_#053_Cell Voltage[87] -> 3.7720000000000002
     7BB.432.6142 21_42_#055_Cell Voltage[88] -> 9.998
     7BB.448.6142 21_42_#057_Cell Voltage[89] -> 44.558
     7BB.464.6142 21_42_#059_Cell Voltage[90] -> 48.654
     7BB.480.6142 21_42_#061_Cell Voltage[91] -> 48.910000000000004
     7BB.496.6142 21_42_#063_Cell Voltage[92] -> 10.432
     7BB.512.6142 21_42_#065_Cell Voltage[93] -> 3.775
     7BB.528.6142 21_42_#067_Cell Voltage[94] -> 3.7760000000000002
     7BB.544.6142 21_42_#069_Cell Voltage[95] -> 3.771
     7BB.560.6142 21_42_#071_Sum_of_cell_voltage -> 105.10000000000001
     7BB.576.6142 21_42_#073_Pack_Voltage -> 476.3
      7BB.16.6143 21_43_#03 BusBar Voltage01 -> 0.008
      7BB.32.6143 21_43_#05 BusBar Voltage02 -> 0.007
      7BB.48.6143 21_43_#07 BusBar Voltage03 -> 8.448
      7BB.64.6143 21_43_#09 BusBar Voltage04 -> 1.792
      7BB.80.6143 21_43_#11 BusBar Voltage05 -> 1.792
      7BB.96.6143 21_43_#13 BusBar Voltage06 -> 1.792
     7BB.112.6143 21_43_#15 BusBar Voltage07 -> 8.711
     7BB.128.6143 21_43_#17 BusBar Voltage08 -> 0.006
     7BB.144.6143 21_43_#19 BusBar Voltage09 -> 0.006
     7BB.160.6143 21_43_#21 BusBar Voltage10 -> 0.007
     7BB.176.6143 21_43_#23 BusBar Voltage11 -> 8.96
     7BB.192.6143 21_43_#25 BusBar Voltage12 -> 1.792
     7BB.208.6143 21_43_#27 BusBar Voltage13 -> 1.792
     7BB.224.6143 21_43_#29 BusBar Voltage14 -> 0.255
     7BB.240.6143 21_43_#31 BusBar Voltage15 -> 9.471
     7BB.304.6143 21_43_#39 BusBar Voltage19 -> 9.727
     7BB.368.6143 21_43_#47 BusBar Voltage23 -> 9.983
      7BB.16.6160 21_60_#003_AbsTimePack -> 3916189.0
      7BB.40.6160 21_60_#006_Simpler SOHE (RSA Model) -> 90.0
      7BB.48.6160 21_60_#007_Average SOHE (LGC Model) -> 33.0
      7BB.56.6160 21_60_#008_SOHE(module)_Update_command_applied -> 94.0
      7BB.16.6161 LID_61_données completes -> 5.934795994532597e+39
      7BB.48.6161 21_61_#07 SOHP_value_of_group1 -> 16.5
      7BB.56.6161 21_61_#08 SOHP_value_of_group2 -> 100.0
      7BB.64.6161 21_61_#09 SOHP_value_of_group3 -> 100.0
      7BB.72.6161 21_61_#10_Battery State of Health (average) -> 100.0
      7BB.80.6161 21_61_#11_Battery State of Health (minimal) -> 90.0
      7BB.88.6161 21_61_#12_Battery Mileage -> 3019898914.0
     7BB.120.6161 21_61_#16_Sum of kWh from beginning of Battery life -> 3072196608.0
     7BB.152.6161 21_61_#20 SOHP_value_of_group4 -> 18.0
      7BB.16.6162 21_62_#03_Serial_Number (FIN) -> 637830553.0
      7BB.16.6163 63_03 Init SOC -> 57.65234375
      7BB.32.6163 63_05 Init Method -> 1.0
      7BB.40.6163 63_06 Init Min Temp -> 19.0
      7BB.48.6163 63_07 Init Driving Time -> 553648128.0
      7BB.80.6163 63_11 Init Parking Time -> 503316480.0
     7BB.112.6163 63_15 Init Current Sum -> -1428036.719
     7BB.144.6163 63_19 Final SOC [Segment 1] -> 111.75
     7BB.160.6163 63_21 Final Method [Segment 1] -> 0.0
     7BB.168.6163 63_22 Final Min Temp [Segment 1] -> -40.0
     7BB.176.6163 63_23 Final Driving Time [Segment 1] -> 603979775.0
     7BB.240.6163 63_31 Final Current Sum [Segment 1] -> -1379243.009
     7BB.272.6163 63_35 Final SOC [Segment 2] -> 0.0
     7BB.288.6163 63_37 Final Method [Segment 2] -> 0.0
     7BB.296.6163 63_38 Final Min Temp [Segment 2] -> -40.0
     7BB.304.6163 63_39 Final Driving Time [Segment 2] -> 620757247.0
     7BB.368.6163 63_47 Final Current Sum [Segment 2] -> -1345688.577
     7BB.416.6163 63_53 Final Method [Segment 3] -> 0.0
     7BB.424.6163 63_54 Final Min Temp [Segment 3] -> -40.0
     7BB.432.6163 63_55 Final Driving Time [Segment 3] -> 654311424.0
     7BB.464.6163 63_59 Final Parking Time [Segment 3] -> 16777215.0
     7BB.496.6163 63_63 Final Current Sum [Segment 3] -> -1312134.145
     7BB.560.6163 63_71 Final Driving Time [Segment 4] -> 687865856.0
     7BB.592.6163 63_75 Final Parking Time [Segment 4] -> 255.0
     7BB.624.6163 63_79 Final Current Sum [Segment 4] -> -1278579.713
     7BB.688.6163 63_87 Final Driving Time [Segment 5] -> 738197248.0
     7BB.720.6163 63_91 Final Parking Time [Segment 5] -> 0.0
     7BB.752.6163 63_95 Final Current Sum [Segment 5] -> -1261736.9610000001
      7BB.16.6164 64_03 Latest Init SOC -> 75.365234375
      7BB.32.6164 64_05 Latest Init Method -> 2.0
      7BB.40.6164 64_06 Latest Init Min Temp -> 22.0
      7BB.48.6164 64_07 Latest Init Driving Time -> 553648129.0
      7BB.80.6164 64_11 Latest Init Parking Time -> 3674210304.0
     7BB.112.6164 64_15 Latest Init Current Sum -> -1426395.509
     7BB.144.6164 64_19 Latest Final SOC [Segment 1] -> 69.5
     7BB.160.6164 64_21 Latest Final Method [Segment 1] -> 136.0
     7BB.168.6164 64_22 Latest Final Min Temp [Segment 1] -> 49.0
     7BB.176.6164 64_23 Latest Final Driving Time [Segment 1] -> 587283968.0
     7BB.208.6164 64_27 Latest Final Parking Time [Segment 1] -> 43008.0
     7BB.240.6164 64_31 Latest Final Current Sum [Segment 1] -> -1396020.218
     7BB.272.6164 64_35 Latest Final SOC [Segment 2] -> 58.8203125
     7BB.288.6164 64_37 Latest Final Method [Segment 2] -> 104.0
     7BB.296.6164 64_38 Latest Final Min Temp [Segment 2] -> 88.0
     7BB.304.6164 64_39 Latest Final Driving Time [Segment 2] -> 628321026.0
     7BB.336.6164 64_43 Latest Final Parking Time [Segment 2] -> 1056964608.0
     7BB.368.6164 64_47 Latest Final Current Sum [Segment 2] -> -1359844.352
     7BB.400.6164 64_51 Latest Final SOC [Segment 3] -> 0.09765625
     7BB.416.6164 64_53 Latest Final Method [Segment 3] -> 117.0
     7BB.424.6164 64_54 Latest Final Min Temp [Segment 3] -> 40.0
     7BB.432.6164 64_55 Latest Final Driving Time [Segment 3] -> 656015475.0
     7BB.464.6164 64_59 Latest Final Parking Time [Segment 3] -> 2499936000.0
     7BB.496.6164 64_63 Latest Final Current Sum [Segment 3] -> -1328911.354
     7BB.528.6164 64_67 Latest Final SOC [Segment 4] -> 0.0
     7BB.544.6164 64_69 Latest Final Method [Segment 4] -> 0.0
     7BB.552.6164 64_70 Latest Final Min Temp [Segment 4] -> -39.0
     7BB.560.6164 64_71 Latest Final Driving Time [Segment 4] -> 695677969.0
     7BB.592.6164 64_75 Latest Final Parking Time [Segment 4] -> 2155044097.0
     7BB.624.6164 64_79 Latest Final Current Sum [Segment 4] -> -1291228.16
     7BB.656.6164 64_83 Latest Final SOC [Segment 5] -> 0.009765625
     7BB.672.6164 64_85 Latest Final Method [Segment 5] -> 0.0
     7BB.680.6164 64_86 Latest Final Min Temp [Segment 5] -> -40.0
     7BB.688.6164 64_87 Latest Final Driving Time [Segment 5] -> 721425271.0
     7BB.720.6164 64_91 Latest Final Parking Time [Segment 5] -> 728268891.0
     7BB.752.6164 64_95 Latest Final Current Sum [Segment 5] -> -1247253.185
      7BB.16.6165 65_03 Latest SOHE_1Min [#00] Segment 0->1 -> 0.0
      7BB.32.6165 65_05 Latest WeightFactor [#00] Segment 0->1 -> 0.0
      7BB.48.6165 65_07 Latest SOHE_1Min [#01] Segment 0->2 -> 16.7890625
      7BB.64.6165 65_09 Latest WeightFactor [#00] Segment 0->2 -> 36.5
      7BB.72.6165 65_10 Latest dSOHE/SOHE [#01] Segment 0->2 -> 0.6875
      7BB.80.6165 65_11 Latest SOHE_1Min [#02] Segment 0->3 -> 72.0
      7BB.96.6165 65_13 Latest WeightFactor [#02] Segment 0->3 -> 0.0
     7BB.104.6165 65_14 Latest dSOHE/SOHE [#02] Segment 0->3 -> 0.0
     7BB.112.6165 65_15 Latest SOHE_1Min [#03] Segment 0->4 -> 17.498046875
     7BB.128.6165 65_17 Latest WeightFactor [#03] Segment 0->4 -> 75.0
     7BB.136.6165 65_18 Latest dSOHE/SOHE [#03] Segment 0->4 -> 0.25
     7BB.144.6165 65_19 Latest SOHE_1Min [#04] Segment 0->5 -> 0.498046875
     7BB.160.6165 65_21 Latest WeightFactor [#04] Segment 0->5 -> 84.5
     7BB.168.6165 65_22 Latest dSOHE/SOHE [#04] Segment 0->5 -> 13.6875
     7BB.176.6165 65_23 Latest SOHE_1Min [#05] Segment 1->2 -> 17.521484375
     7BB.192.6165 65_25 Latest WeightFactor [#05] Segment 1->2 -> 54.0
     7BB.200.6165 65_26 Latest dSOHE/SOHE [#05] Segment 1->2 -> 8.5
     7BB.208.6165 65_27 Latest SOHE_1Min [#06] Segment 1->3 -> 125.5
     7BB.232.6165 65_30 Latest dSOHE/SOHE [#06] Segment 1->3 -> 0.0
     7BB.240.6165 65_31 Latest SOHE_1Min [#07] Segment 1->4 -> 18.0
     7BB.256.6165 65_33 Latest WeightFactor [#07] Segment 1->4 -> 0.0
     7BB.272.6165 65_35 Latest SOHE_1Min [#08] Segment 1->5 -> 69.962890625
     7BB.288.6165 65_37 Latest WeightFactor [#08] Segment 1->5 -> 0.0
     7BB.304.6165 65_39 Latest SOHE_1Min [#09] Segment 2->3 -> 18.833984375
     7BB.320.6165 65_41 Latest WeightFactor [#09] Segment 2->3 -> 65.0
     7BB.328.6165 65_42 Latest dSOHE/SOHE [#09] Segment 2->3 -> 0.0
     7BB.336.6165 65_43 Latest SOHE_1Min [#10] Segment 2->4 -> 110.5
     7BB.352.6165 65_45 Latest WeightFactor [#10] Segment 2->4 -> 0.0
     7BB.360.6165 65_46 Latest dSOHE/SOHE [#10] Segment 2->4 -> 0.0
     7BB.368.6165 65_47 Latest SOHE_1Min [#11] Segment 2->5 -> 19.498046875
     7BB.384.6165 65_49 Latest WeightFactor [#11] Segment 2->5 -> 0.0
     7BB.392.6165 65_50 Latest dSOHE/SOHE [#11] Segment 2->5 -> 0.0
     7BB.400.6165 65_51 Latest SOHE_1Min [#12] Segment 3->4 -> 0.498046875
     7BB.416.6165 65_53 Latest WeightFactor [#12] Segment 3->4 -> 101.0
     7BB.424.6165 65_54 Latest dSOHE/SOHE [#12] Segment 3->4 -> 3.125
     7BB.432.6165 65_55 Latest SOHE_1Min [#13] Segment 3->5 -> 19.5
     7BB.448.6165 65_57 Latest WeightFactor [#13] Segment 3->5 -> 126.0
     7BB.456.6165 65_58 Latest dSOHE/SOHE [#13] Segment 3->5 -> 0.0
     7BB.464.6165 65_59 Latest SOHE_1Min [#14] Segment 4->5 -> 0.0
     7BB.488.6165 65_62 Latest dSOHE/SOHE [#14] Segment 4->5 -> 0.0
      7BB.16.6166 21_66_#03_Quick Charge counter -> 1.0
      7BB.32.6166 21_66_#05_Normal Charge counter -> 939.0
      7BB.48.6166 21_66_#07_Full Charge counter -> 8449.0
      7BB.64.6166 21_66_#09_Partial Charge counter -> 16898.0
      7BB.80.6166 21_66_#11_High voltage connecter counter -> 26880.0
      7BB.96.6166 21_66_#13_Bolt Meter counter -> 512.0
      7BB.16.6167 21_67_#003_Driving History Data[0][0] -> 0.0
      7BB.32.6167 21_67_#005_Driving History Data[0][1] -> 0.0
      7BB.48.6167 21_67_#007_Driving History Data[0][2] -> 8448.0
      7BB.64.6167 21_67_#009_Driving History Data[0][3] -> 29696.0
      7BB.80.6167 21_67_#011_Driving History Data[0][4] -> 0.0
      7BB.96.6167 21_67_#013_Driving History Data[1][0] -> 256.0
     7BB.112.6167 21_67_#015_Driving History Data[1][1] -> 8704.0
     7BB.128.6167 21_67_#017_Driving History Data[1][2] -> 120.0
     7BB.144.6167 21_67_#019_Driving History Data[1][3] -> 5306.0
     7BB.160.6167 21_67_#021_Driving History Data[1][4] -> 4784.0
     7BB.176.6167 21_67_#023_Driving History Data[2][0] -> 8973.0
     7BB.192.6167 21_67_#025_Driving History Data[2][1] -> 44032.0
     7BB.208.6167 21_67_#027_Driving History Data[2][2] -> 512.0
     7BB.224.6167 21_67_#029_Driving History Data[2][3] -> 46608.0
     7BB.240.6167 21_67_#031_Driving History Data[2][4] -> 9385.0
     7BB.256.6167 21_67_#033_Driving History Data[3][0] -> 5101.0
     7BB.272.6167 21_67_#035_Driving History Data[3][1] -> 2655.0
     7BB.288.6167 21_67_#037_Driving History Data[3][2] -> 0.0
     7BB.304.6167 21_67_#039_Driving History Data[3][3] -> 9472.0
     7BB.320.6167 21_67_#041_Driving History Data[3][4] -> 769.0
     7BB.336.6167 21_67_#043_Driving History Data[4][0] -> 1281.0
     7BB.352.6167 21_67_#045_Driving History Data[4][1] -> 17152.0
     7BB.368.6167 21_67_#047_Driving History Data[4][2] -> 9918.0
     7BB.384.6167 21_67_#049_Driving History Data[4][3] -> 0.0
     7BB.400.6167 21_67_#051_Driving History Data[4][4] -> 0.0
     7BB.416.6167 21_67_#053_Parking History Data[0][0] -> 0.0
     7BB.432.6167 21_67_#055_Parking History Data[0][1] -> 9984.0
     7BB.448.6167 21_67_#057_Parking History Data[0][2] -> 0.0
     7BB.464.6167 21_67_#059_Parking History Data[0][3] -> 0.0
     7BB.480.6167 21_67_#061_Parking History Data[0][4] -> 0.0
     7BB.496.6167 21_67_#063_Parking History Data[1][0] -> 10240.0
     7BB.512.6167 21_67_#065_Parking History Data[1][1] -> 18.0
     7BB.528.6167 21_67_#067_Parking History Data[1][2] -> 0.0
     7BB.544.6167 21_67_#069_Parking History Data[1][3] -> 1.0
     7BB.560.6167 21_67_#071_Parking History Data[1][4] -> 10496.0
     7BB.576.6167 21_67_#073_Parking History Data[2][0] -> 0.0
     7BB.592.6167 21_67_#075_Parking History Data[2][1] -> 3076.0
     7BB.608.6167 21_67_#077_Parking History Data[2][2] -> 3845.0
     7BB.624.6167 21_67_#079_Parking History Data[2][3] -> 10884.0
     7BB.640.6167 21_67_#081_Parking History Data[2][4] -> 998.0
     7BB.656.6167 21_67_#083_Parking History Data[3][0] -> 0.0
     7BB.672.6167 21_67_#085_Parking History Data[3][1] -> 60.0
     7BB.688.6167 21_67_#087_Parking History Data[3][2] -> 11012.0
     7BB.704.6167 21_67_#089_Parking History Data[3][3] -> 48132.0
     7BB.720.6167 21_67_#091_Parking History Data[3][4] -> 63491.0
     7BB.736.6167 21_67_#093_Parking History Data[4][0] -> 49664.0
     7BB.752.6167 21_67_#095_Parking History Data[4][1] -> 11264.0
     7BB.768.6167 21_67_#097_Parking History Data[4][2] -> 4.0
     7BB.784.6167 21_67_#099_Parking History Data[4][3] -> 23.0
     7BB.800.6167 21_67_#101_Parking History Data[4][4] -> 12.0
      7BB.16.6168 68_03 Current Sum [Buffer #00] -> -145490.432
      7BB.48.6168 68_07 Init SOC [Buffer #00] -> 16.87109375
      7BB.64.6168 68_09 Final SOC [Buffer #00]] -> 100.734375
      7BB.88.6168 68_12 NumOfSegmentCase [Buffer #00] -> 34.0
      7BB.96.6168 68_13 SOHE_1Min [Buffer #00] -> 2.365234375
     7BB.112.6168 68_15 WeightFactor [Buffer #00] -> 17.0
     7BB.120.6168 68_16 Updated State [Buffer #00] -> 204.0
     7BB.128.6168 68_17 dSOHE/SOHE [#00] Segment [Buffer #00] -> 2.0
     7BB.136.6168 68_18 Current Sum [Buffer #01] -> -1926832.868
     7BB.168.6168 68_22 Init SOC [Buffer #01] -> 34.068359375
     7BB.184.6168 68_24 Final SOC [Buffer #01] -> 64.36328125
     7BB.200.6168 68_26 Init Method / Final Method [Buffer #01] -> 54.0
     7BB.208.6168 68_27 NumOfSegmentCase [Buffer #01] -> 140.0
     7BB.216.6168 68_28 SOHE_1Min [Buffer #01] -> 66.03515625
     7BB.232.6168 68_30 WeightFactor [Buffer #01] -> 1.5
     7BB.240.6168 68_31 Updated State [Buffer #01] -> 36.0
     7BB.248.6168 68_32 dSOHE/SOHE [#00] Segment [Buffer #01] -> 12.5625
     7BB.256.6168 68_33 Current Sum [Buffer #02] -> 567832.6730000001
     7BB.288.6168 68_37 Init SOC [Buffer #02] -> 57.478515625
     7BB.304.6168 68_39 Final SOC [Buffer #02] -> 18.970703125
     7BB.320.6168 68_41 Init Method / Final Method [Buffer #02] -> 128.0
     7BB.328.6168 68_42 NumOfSegmentCase [Buffer #02] -> 139.0
     7BB.336.6168 68_43 SOHE_1Min [Buffer #02] -> 38.197265625
     7BB.352.6168 68_45 WeightFactor [Buffer #02] -> 51.5
     7BB.360.6168 68_46 Updated State [Buffer #02] -> 33.0
     7BB.368.6168 68_47 dSOHE/SOHE [#00] Segment [Buffer #02] -> 2.375
     7BB.376.6168 68_48 Current Sum [Buffer #03] -> -1905012.219
     7BB.408.6168 68_52 Init SOC [Buffer #03] -> 2.283203125
     7BB.424.6168 68_54 Final SOC [Buffer #03] -> 54.076171875
     7BB.440.6168 68_56 Init Method / Final Method [Buffer #03] -> 246.0
     7BB.448.6168 68_57 NumOfSegmentCase [Buffer #03] -> 210.0
     7BB.456.6168 68_58 SOHE_1Min [Buffer #03] -> 64.34375
     7BB.472.6168 68_60 WeightFactor [Buffer #03] -> 35.5
     7BB.480.6168 68_61 Updated State [Buffer #03] -> 88.0
     7BB.488.6168 68_62 dSOHE/SOHE [#00] Segment [Buffer #03] -> 6.375
     7BB.496.6168 68_63 Current Sum [Buffer #04] -> -1326747.984
     7BB.528.6168 68_67 Init SOC [Buffer #04] -> 25.533203125
     7BB.544.6168 68_69 Final SOC [Buffer #04] -> 2.169921875
     7BB.560.6168 68_71 Init Method / Final Method [Buffer #04] -> 41.0
     7BB.568.6168 68_72 NumOfSegmentCase [Buffer #04] -> 114.0
     7BB.576.6168 68_73 SOHE_1Min [Buffer #04] -> 29.1015625
     7BB.592.6168 68_75 WeightFactor [Buffer #04] -> 64.0
     7BB.600.6168 68_76 Updated State [Buffer #04] -> 156.0
     7BB.608.6168 68_77 dSOHE/SOHE [#00] Segment [Buffer #04] -> 3.75
     7BB.616.6168 68_78 Current Sum [Buffer #05] -> -84643.31
     7BB.648.6168 68_82 Init SOC [Buffer #05] -> 0.84765625
     7BB.664.6168 68_84 Final SOC [Buffer #05] -> 51.009765625
     7BB.680.6168 68_86 Init Method / Final Method [Buffer #05] -> 4.0
     7BB.688.6168 68_87 NumOfSegmentCase [Buffer #05] -> 43.0
     7BB.696.6168 68_88 SOHE_1Min [Buffer #05] -> 78.224609375
     7BB.712.6168 68_90 WeightFactor [Buffer #05] -> 15.0
     7BB.720.6168 68_91 Updated State [Buffer #05] -> 130.0
     7BB.728.6168 68_92 dSOHE/SOHE [#00] Segment [Buffer #05] -> 8.0
     7BB.736.6168 68_93 Current Sum [Buffer #06] -> 414881.9
     7BB.768.6168 68_97 Init SOC [Buffer #06] -> 13.56640625
     7BB.784.6168 68_99 Final SOC [Buffer #06] -> 0.3359375
     7BB.800.6168 68_101 Init Method / Final Method [Buffer #06] -> 102.0
     7BB.808.6168 68_102 NumOfSegmentCase [Buffer #06] -> 20.0
     7BB.816.6168 68_103 SOHE_1Min [Buffer #06] -> 22.5078125
     7BB.832.6168 68_105 WeightFactor [Buffer #06] -> 57.5
     7BB.840.6168 68_106 Updated State [Buffer #06] -> 111.0
     7BB.848.6168 68_107 dSOHE/SOHE [#00] Segment [Buffer #06] -> 14.25
     7BB.856.6168 68_108 Current Sum [Buffer #07] -> -1882530.514
     7BB.888.6168 68_112 Init SOC [Buffer #07] -> 64.09765625
     7BB.904.6168 68_114 Final SOC [Buffer #07] -> 84.06640625
     7BB.920.6168 68_116 Init Method / Final Method [Buffer #07] -> 3.0
     7BB.928.6168 68_117 NumOfSegmentCase [Buffer #07] -> 176.0
     7BB.936.6168 68_118 SOHE_1Min [Buffer #07] -> 0.091796875
     7BB.952.6168 68_120 WeightFactor [Buffer #07] -> 6.5
     7BB.960.6168 68_121 Updated State [Buffer #07] -> 4.0
     7BB.968.6168 68_122 dSOHE/SOHE [#00] Segment [Buffer #07] -> 8.6875
     7BB.976.6168 68_123 Current Sum [Buffer #08] -> -58107.392
    7BB.1008.6168 68_127 Init SOC [Buffer #08] -> 16.29296875
    7BB.1024.6168 68_129 Final SOC [Buffer #08] -> 93.724609375
    7BB.1040.6168 68_131 Init Method / Final Method [Buffer #08] -> 107.0
    7BB.1048.6168 68_132 NumOfSegmentCase [Buffer #08] -> 34.0
    7BB.1056.6168 68_133 SOHE_1Min [Buffer #08] -> 0.7890625
    7BB.1072.6168 68_135 WeightFactor [Buffer #08] -> 16.5
    7BB.1080.6168 68_136 Updated State [Buffer #08] -> 51.0
    7BB.1088.6168 68_137 dSOHE/SOHE [#00] Segment [Buffer #08] -> 0.6875
    7BB.1096.6168 68_138 Current Sum [Buffer #09] -> -1923424.485
    7BB.1128.6168 68_142 Init SOC [Buffer #09] -> 45.06640625
    7BB.1144.6168 68_144 Final SOC [Buffer #09] -> 64.373046875
    7BB.1160.6168 68_146 Init Method / Final Method [Buffer #09] -> 229.0
    7BB.1168.6168 68_147 NumOfSegmentCase [Buffer #09] -> 160.0
    7BB.1176.6168 68_148 SOHE_1Min [Buffer #09] -> 1.06640625
    7BB.1192.6168 68_150 WeightFactor [Buffer #09] -> 2.0
    7BB.1200.6168 68_151 Updated State [Buffer #09] -> 35.0
    7BB.1208.6168 68_152 dSOHE/SOHE [#00] Segment [Buffer #09] -> 12.125
      7BB.16.6169 69_03 Current Sum [Buffer #10] -> -57093.376000000004
      7BB.48.6169 69_07 Init SOC [Buffer #10] -> 16.77734375
      7BB.64.6169 69_09 Final SOC [Buffer #10]] -> 91.71484375
      7BB.80.6169 69_11 Init Method / Final Method [Buffer #10] -> 112.0
      7BB.88.6169 69_12 NumOfSegmentCase [Buffer #10] -> 34.0
      7BB.96.6169 69_13 SOHE_1Min [Buffer #10] -> 5.810546875
     7BB.112.6169 69_15 WeightFactor [Buffer #10] -> 17.0
     7BB.120.6169 69_16 Updated State [Buffer #10] -> 51.0
     7BB.128.6169 69_17 dSOHE/SOHE [#00] Segment [Buffer #10] -> 0.6875
     7BB.136.6169 69_18 Current Sum [Buffer #11] -> -1923424.7480000001
     7BB.168.6169 69_22 Init SOC [Buffer #11] -> 116.068359375
     7BB.184.6169 69_24 Final SOC [Buffer #11] -> 64.376953125
     7BB.200.6169 69_26 Init Method / Final Method [Buffer #11] -> 81.0
     7BB.208.6169 69_27 NumOfSegmentCase [Buffer #11] -> 153.0
     7BB.216.6169 69_28 SOHE_1Min [Buffer #11] -> 22.03515625
     7BB.232.6169 69_30 WeightFactor [Buffer #11] -> 3.0
     7BB.240.6169 69_31 Updated State [Buffer #11] -> 36.0
     7BB.248.6169 69_32 dSOHE/SOHE [#00] Segment [Buffer #11] -> 12.0625
     7BB.256.6169 69_33 Current Sum [Buffer #12] -> -1999015.842
     7BB.288.6169 69_37 Init SOC [Buffer #12] -> 56.427734375
     7BB.304.6169 69_39 Final SOC [Buffer #12] -> 18.51953125
     7BB.320.6169 69_41 Init Method / Final Method [Buffer #12] -> 128.0
     7BB.328.6169 69_42 NumOfSegmentCase [Buffer #12] -> 153.0
     7BB.336.6169 69_43 SOHE_1Min [Buffer #12] -> 84.681640625
     7BB.352.6169 69_45 WeightFactor [Buffer #12] -> 19.5
     7BB.360.6169 69_46 Updated State [Buffer #12] -> 33.0
     7BB.368.6169 69_47 dSOHE/SOHE [#00] Segment [Buffer #12] -> 2.375
     7BB.376.6169 69_48 Current Sum [Buffer #13] -> -1939274.4910000002
     7BB.408.6169 69_52 Init SOC [Buffer #13] -> 2.3046875
     7BB.424.6169 69_54 Final SOC [Buffer #13] -> 56.076171875
     7BB.440.6169 69_56 Init Method / Final Method [Buffer #13] -> 98.0
     7BB.448.6169 69_57 NumOfSegmentCase [Buffer #13] -> 104.0
     7BB.456.6169 69_58 SOHE_1Min [Buffer #13] -> 0.333984375
     7BB.472.6169 69_60 WeightFactor [Buffer #13] -> 42.5
     7BB.480.6169 69_61 Updated State [Buffer #13] -> 112.0
     7BB.488.6169 69_62 dSOHE/SOHE [#00] Segment [Buffer #13] -> 12.8125
     7BB.496.6169 69_63 Current Sum [Buffer #14] -> -1326680.144
     7BB.528.6169 69_67 Init SOC [Buffer #14] -> 25.560546875
     7BB.544.6169 69_69 Final SOC [Buffer #14] -> 2.18359375
     7BB.560.6169 69_71 Init Method / Final Method [Buffer #14] -> 41.0
     7BB.568.6169 69_72 NumOfSegmentCase [Buffer #14] -> 115.0
     7BB.576.6169 69_73 SOHE_1Min [Buffer #14] -> 78.025390625
     7BB.592.6169 69_75 WeightFactor [Buffer #14] -> 0.0
     7BB.600.6169 69_76 Updated State [Buffer #14] -> 190.0
     7BB.608.6169 69_77 dSOHE/SOHE [#00] Segment [Buffer #14] -> 8.375
     7BB.616.6169 69_78 Current Sum [Buffer #15] -> 737450.77
     7BB.648.6169 69_82 Init SOC [Buffer #15] -> 2.388671875
     7BB.664.6169 69_84 Final SOC [Buffer #15] -> 0.01171875
     7BB.680.6169 69_86 Init Method / Final Method [Buffer #15] -> 4.0
     7BB.688.6169 69_87 NumOfSegmentCase [Buffer #15] -> 43.0
     7BB.696.6169 69_88 SOHE_1Min [Buffer #15] -> 71.2265625
     7BB.712.6169 69_90 WeightFactor [Buffer #15] -> 37.0
     7BB.720.6169 69_91 Updated State [Buffer #15] -> 86.0
     7BB.728.6169 69_92 dSOHE/SOHE [#00] Segment [Buffer #15] -> 8.0
     7BB.736.6169 69_93 Current Sum [Buffer #16] -> 1092196.514
     7BB.768.6169 69_97 Init SOC [Buffer #16] -> 58.06640625
     7BB.784.6169 69_99 Final SOC [Buffer #16] -> 0.392578125
     7BB.800.6169 69_101 Init Method / Final Method [Buffer #16] -> 204.0
     7BB.808.6169 69_102 NumOfSegmentCase [Buffer #16] -> 10.0
     7BB.816.6169 69_103 SOHE_1Min [Buffer #16] -> 22.5078125
     7BB.832.6169 69_105 WeightFactor [Buffer #16] -> 77.5
     7BB.840.6169 69_106 Updated State [Buffer #16] -> 112.0
     7BB.848.6169 69_107 dSOHE/SOHE [#00] Segment [Buffer #16] -> 8.8125
     7BB.856.6169 69_108 Current Sum [Buffer #17] -> 332076.59
     7BB.888.6169 69_112 Init SOC [Buffer #17] -> 54.22265625
     7BB.904.6169 69_114 Final SOC [Buffer #17] -> 3.03515625
     7BB.920.6169 69_116 Init Method / Final Method [Buffer #17] -> 1.0
     7BB.928.6169 69_117 NumOfSegmentCase [Buffer #17] -> 178.0
     7BB.936.6169 69_118 SOHE_1Min [Buffer #17] -> 51.091796875
     7BB.952.6169 69_120 WeightFactor [Buffer #17] -> 6.5
     7BB.960.6169 69_121 Updated State [Buffer #17] -> 4.0
     7BB.968.6169 69_122 dSOHE/SOHE [#00] Segment [Buffer #17] -> 6.375
     7BB.976.6169 69_123 Current Sum [Buffer #18] -> -82145.408
    7BB.1008.6169 69_127 Init SOC [Buffer #18] -> 16.296875
    7BB.1024.6169 69_129 Final SOC [Buffer #18] -> 87.71484375
    7BB.1040.6169 69_131 Init Method / Final Method [Buffer #18] -> 49.0
    7BB.1048.6169 69_132 NumOfSegmentCase [Buffer #18] -> 34.0
    7BB.1056.6169 69_133 SOHE_1Min [Buffer #18] -> 2.33984375
    7BB.1072.6169 69_135 WeightFactor [Buffer #18] -> 16.5
    7BB.1080.6169 69_136 Updated State [Buffer #18] -> 51.0
    7BB.1088.6169 69_137 dSOHE/SOHE [#00] Segment [Buffer #18] -> 1.5
    7BB.1096.6169 69_138 Current Sum [Buffer #19] -> -1925915.1330000001
    7BB.1128.6169 69_142 Init SOC [Buffer #19] -> 7.56640625
    7BB.1144.6169 69_144 Final SOC [Buffer #19] -> 0.31640625
    7BB.1160.6169 69_146 Init Method / Final Method [Buffer #19] -> 116.0
    7BB.1168.6169 69_147 NumOfSegmentCase [Buffer #19] -> 114.0
    7BB.1176.6169 69_148 SOHE_1Min [Buffer #19] -> 92.06640625
    7BB.1192.6169 69_150 WeightFactor [Buffer #19] -> 1.0
    7BB.1200.6169 69_151 Updated State [Buffer #19] -> 35.0
    7BB.1208.6169 69_152 dSOHE/SOHE [#00] Segment [Buffer #19] -> 10.25
       7BB.0.6170 DataRead.2170 -> 0.0
      7BB.16.6180 PartNumber.LowerPart -> 211379368737.0
      7BB.56.6180 DiagnosticIdentificationCode -> 82.0
      7BB.64.6180 SupplierNumber.ITG -> 3490117.0
      7BB.88.6180 HardwareNumber.LowerPart -> 207017222713.0
     7BB.128.6180 SoftwareNumber -> 12626.0
     7BB.144.6180 EditionNumber -> 25866.0
     7BB.160.6180 CalibrationNumber -> 0.0
     7BB.176.6180 PartNumber.BasicPartList -> 35.0
     7BB.184.6180 HardwareNumber.BasicPartList -> 0.0
     7BB.192.6180 ApprovalNumber.BasicPartList -> 0.0
     7BB.200.6180 ManufacturerIdentificationCode -> 2.0
      7BB.16.6184 TraceAbility_Data -> 4.6983630509625926e+47
      7BB.24.6184 21_84#04_Battery Supplier -> 76.0
      7BB.32.6184 21_84#05_Energy provider -> 48.0
      7BB.40.6184 21_84#06_Battery factory -> 70.0
      7BB.48.6184 21_84#07_Functional battery -> 33.0
      7BB.56.6184 21_84#08_Production year -> 50.0
      7BB.64.6184 21_84#09_Production month -> 74.0
      7BB.72.6184 21_84#10_Serial number (five last bits) high part -> 13364.0
      7BB.88.6184 21_84#10_Serial number (five last bits) low part -> 3683641.0
     7BB.112.6184 21_84#11_Supplier identification (LID $90) high part -> 574179635.0
     7BB.144.6184 21_84#11_Supplier identification (LID $90) low part -> 1278292017.0
      7BB.16.6190 21_90#03 Product number for LG -> 73.0
      7BB.24.6190 21_90#04 Product number for LG -> 51.0
      7BB.32.6190 21_90#05 Product number for LG -> 76.0
      7BB.40.6190 21_90#06 Product number for LG -> 49.0
      7BB.48.6190 21_90#07 Product number for LG -> 33.0
      7BB.56.6190 21_90#08 Product number for LG -> 48.0
      7BB.64.6190 21_90#09 Product number for LG -> 49.0
      7BB.72.6190 21_90#10 Product number for LG -> 57.0
      7BB.16.61A0 21_A0_#03_BIN -> 3.152578174756642e+59
      7BB.16.61F0 21_F0#03 Part Number Lower Part -> 211379368737.0
      7BB.56.61F0 21_F0#08 Diagnostic identification code -> 82.0
      7BB.64.61F0 21_F0#09 Supplier Number -> 3490117.0
      7BB.88.61F0 21_F0#12 Hardware Number Lower Part -> 207017222713.0
     7BB.128.61F0 21_F0#17 Software Number -> 12626.0
     7BB.144.61F0 21_F0#19 Edition Number -> 25866.0
     7BB.160.61F0 21_F0#21 Calibratin Number -> 0.0
     7BB.176.61F0 21_F0#23 Part Number Basic Part List -> 35.0
     7BB.184.61F0 21_F0#24 HardwareNumber Basic Part List -> 0.0
     7BB.192.61F0 21_F0#25 ApprovalNumber Basic Part List -> 0.0
     7BB.200.61F0 21_F0#26 Car manufacturer identification code -> 2.0
      7BB.16.61F1 21_F1#03 ApprovalNumber -> 33.0
      7BB.56.61F1 21_F1#08 ProgrammingSite -> 1263489605.0
      7BB.96.61F1 21_F1#13 Programming Tool reference -> 280450189125.0
     7BB.136.61F1 21_F1#18 NumberOfReprogrammings -> 79.0
     7BB.144.61F1 21_F1#19 Date of Programming -> 4980736.0
     7BB.168.61F1 21_F1#22 Reserve -> 35.0
     7BB.184.61F1 21_F1#24 SaveMarking -> 0.0
     7BB.192.61F1 21_F1#25 CRC of log record -> 0.0
      7BB.16.61FE 21_FE#03 Part Number Lower Part -> 211379368737.0
      7BB.56.61FE 21_FE#08 Diagnostic identification code -> 82.0
      7BB.64.61FE 21_FE#09 Supplier Number -> 3490117.0
      7BB.88.61FE 21_FE#12 Hardware Number Lower Part -> 207017222713.0
     7BB.128.61FE 21_FE#17 Software Number -> 12626.0
     7BB.144.61FE 21_FE#19 Edition Number -> 25866.0
     7BB.160.61FE 21_FE#21 Calibratin Number -> 0.0
     7BB.176.61FE 21_FE#23 Part Number Basic Part List -> 35.0
     7BB.184.61FE 21_FE#24 HardwareNumber Basic Part List -> 0.0
     7BB.192.61FE 21_FE#25 ApprovalNumber Basic Part List -> 0.0
     7BB.200.61FE 21_FE#26 Car manufacturer identification code -> 2.0
      7BB.16.61FF 21_FF#03 ApprovalNumber -> 33.0
      7BB.56.61FF 21_FF#08 ProgrammingSite -> 1263489605.0
      7BB.96.61FF 21_FF#13 Programming Tool reference -> 280450189125.0
     7BB.136.61FF 21_FF#18 NumberOfReprogrammings -> 79.0
     7BB.144.61FF 21_FF#19 Date of Programming -> 4980736.0
     7BB.168.61FF 21_FF#22 Reserve -> 35.0
     7BB.184.61FF 21_FF#24 SaveMarking -> 0.0
     7BB.192.61FF 21_FF#25 CRC of log record -> 0.0
-- LBC: 1367/1718 values

ECU: PEB
      77E.16.6180 PartNumber.LowerPart -> 206984132129.0
      77E.56.6180 DiagnosticIdentificationCode -> 82.0
      77E.64.6180 SupplierNumber.ITG -> 411468.0
      77E.88.6180 HardwareNumber.LowerPart -> 224146825783.0
     77E.128.6180 SoftwareNumber -> 13394.0
     77E.144.6180 EditionNumber -> 544.0
     77E.160.6180 CalibrationNumber -> 29440.0
     77E.176.6180 PartNumber.BasicPartList -> 35.0
     77E.184.6180 HardwareNumber.BasicPartList -> 16.0
     77E.192.6180 ApprovalNumber.BasicPartList -> 144.0
     77E.200.6180 ManufacturerIdentificationCode -> 1.0
      77E.16.6181 Vin In Ascii -> 2.9357585258444954e+40
     77E.152.6181 Vin CRC -> 12595.0
      77E.16.6184 REF SUPPLIER -> 4672564.0
      77E.40.6184 REFHW (to be coded on 10 bytes) -> 49.0
     77E.120.6184 DATE(YEAR + Day Number) -> 1.3571496319398448e+16
      77E.16.61B7 Configuration of Electrical Vehicle Networks -> 2.3800727166549754e+24
      77E.16.61B8 List of Electrical Vehicle ECUs with After-sales diagnostic -> 2.3800727166549754e+24
    77E.31.622070 Immobilizer - diagnosis availability -> 0.0
    77E.24.622071 Immobilizer - Byte 1 used to allow diagnosis -> 0.0
    77E.24.622072 Immobilizer - Byte 2 used to allow diagnosis -> 40.0
    77E.24.622073 Immobilizer - Byte 3 used to allow diagnosis -> 0.0
    77E.31.622074 Immobilizer - engine not running due to ECM -> 0.0
    77E.31.622075 Immobilizer - engine not running due to BCM in secure mode -> 0.0
    77E.31.622076 Immobilizer - engine not running due to no BCM authorization -> 0.0
    77E.31.622077 Immobilizer - engine not running due to a CAN network problem with the BCM -> 0.0
-- PEB: 26/88 values

ECU: Parking-Sonar
Too many NO_DATA in a row (20). Skipping this ECU.
-- Parking-Sonar: 0/19 values

ECU: TDB
Too many NO_DATA in a row (20). Skipping this ECU.
-- TDB: 0/19 values

ECU: UBP
Too many NO_DATA in a row (20). Skipping this ECU.
-- UBP: 0/19 values

ECU: UCH
Too many NO_DATA in a row (20). Skipping this ECU.
-- UCH: 0/19 values

ECU: USM
      76D.16.6101 LI_NEUTRAL -> 0.0
      76D.17.6101 LI_LIGHT_REVERSE_SW -> 0.0
      76D.18.6101 O_IGN_AT_LPG_OUT_DIAG -> 0.0
      76D.20.6101 O_IGN_AIRBAG_OUT_DIAG -> 0.0
      76D.28.6101 CONVERTER _DIAG -> 0.0
      76D.29.6101 LED_ON_OFF_DIAG -> 0.0
      76D.30.6101 SAFETYLINE_INPUT -> 0.0
      76D.16.6102 Batt_Voltage_Sense_High -> 5.0
      76D.24.6102 Batt_Voltage_Sense_Low -> 76.0
      76D.32.6102 Ac_Valve_Adiag_High -> 0.0
      76D.40.6102 Ac_Valve_Adiag_Low -> 24.0
      76D.48.6102 Low_Beam_Left_Adiag_High -> 33.0
      76D.56.6102 Low_Beam_Left_Adiag_Low -> 0.0
      76D.64.6102 Low_Beam_Right_Adiag_High -> 0.0
      76D.72.6102 Low_Beam_Right_Adiag_Low -> 0.0
      76D.80.6102 Auto_Stop_Wiper_High -> 0.0
      76D.88.6102 Auto_Stop_Wiper_Low -> 0.0
      76D.96.6102 MASTERVAC_PRESSURE_SENSE_MSB -> 13.0
     76D.104.6102 MASTERVAC_PRESSURE_SENSE_LSB -> 0.0
     76D.112.6102 DTRL_VOLT_REREAD_LEFT_MSB -> 34.0
     76D.120.6102 DTRL_VOLT_REREAD_LEFT_LSB -> 38.0
     76D.128.6102 DTRL_VOLT_REREAD_RIGHT_MSB -> 0.0
     76D.136.6102 DTRL_VOLT_REREAD_RIGHT_LSB -> 0.0
     76D.144.6102 AC_Clutch_Adiag_High -> 0.0
     76D.152.6102 AC_Clutch_Adiag_Low -> 0.0
     76D.160.6102 SEAT_SENSOR_SENSE_MSB -> 0.0
     76D.168.6102 SEAT_SENSOR_SENSE_LSB -> 3.0
     76D.176.6102 Batt1_Voltage_Sense_High -> 35.0
     76D.184.6102 Batt1_Voltage_Sense_Low -> 0.0
     76D.192.6102 HIGH_BEAM_RIGHT_MSB -> 42.0
     76D.200.6102 HIGH_BEAM_RIGHT_LSB -> 5.0
     76D.208.6102 HIGH_BEAM_LEFT_MSB -> 73.0
     76D.216.6102 HIGH_BEAM_LEFT_LSB -> 0.0
     76D.224.6102 INT_THERMAL_SENSE_MSB -> 0.0
     76D.232.6102 INT_THERMAL_SENSE_LSB -> 0.0
     76D.240.6102 Batt2_D_Sense_High -> 36.0
     76D.248.6102 Batt2_D_Sense_Low -> 0.0
      76D.16.6103 Diag_contactor -> 0.0
      76D.22.6103 Ignition_Ddiag -> 0.0
      76D.24.6103 Feedback1_Adiag_High -> 0.0
      76D.32.6103 Feedback1_Adiag_Low -> 0.0
      76D.40.6103 Feedback2_Adiag_High -> 0.0
      76D.48.6103 Feedback2_Adiag_Low -> 33.0
      76D.72.6103 Feedback4_Adiag_High -> 0.0
      76D.80.6103 Feedback4_Adiag_Low -> 0.0
     76D.104.6103 FIRST_GND_A_DIAG_MSB -> 0.0
     76D.112.6103 FIRST_GND_A_DIAG_LSB -> 34.0
     76D.120.6103 FBL_ADIAG_LH_MSB -> 0.0
     76D.128.6103 FBL_ADIAG_LH_LSB -> 253.0
     76D.136.6103 POSITION_NIGHT_ADIAG_MSB -> 0.0
     76D.144.6103 POSITION_NIGHT_ADIAG_LSB -> 0.0
     76D.152.6103 POSITION_REAR_LH_ADIAG MSB -> 0.0
     76D.160.6103 POSITION_REAR_LH_ADIAG LSB -> 1.0
     76D.168.6103 POSITION_FRONT_LEFT_AND_RIGHT_MSB -> 0.0
     76D.176.6103 POSITION_FRONT_LEFT_AND_RIGHT_LSB -> 35.0
     76D.184.6103 POSITION_REAR_RIGHT_MSB -> 0.0
     76D.192.6103 POSITION_REAR_RIGHT_LSB -> 0.0
     76D.200.6103 FOG_LAMPS_LH_A_DIAG_MSB -> 0.0
     76D.208.6103 FOG_LAMPS_LH_A_DIAG_LSB -> 0.0
     76D.216.6103 FOG_LAMPS_RH_A_DIAG_MSB -> 0.0
     76D.224.6103 FOG_LAMPS_RH_A_DIAG_LSB -> 0.0
     76D.232.6103 IGNITION_NOT_COLUMN_LOCK_ADIAG_MSB -> 0.0
     76D.240.6103 IGNITION_NOT_COLUMN_LOCK_ADIAG_LSB -> 36.0
     76D.248.6103 FBL_ADIAG_RH_MSB -> 0.0
     76D.256.6103 FBL_ADIAG_RH_LSB -> 0.0
      76D.17.6104 Right_Washer_Relay -> 0.0
      76D.20.6104 Left_Washer_Relay -> 0.0
      76D.21.6104 Starter_relay -> 0.0
      76D.24.6104 IgnitionSet_status -> 0.0
      76D.25.6104 Close_Contactor_Relay -> 0.0
      76D.27.6104 WATER_PUMP -> 0.0
      76D.29.6104 LED_ON_OFF -> 0.0
      76D.30.6104 CONVERTER -> 0.0
      76D.32.6104 FRONT_WIPER_LO_HI_RELAY -> 0.0
      76D.33.6104 Control_Contactor_Fet -> 0.0
      76D.36.6104 Control_Diag_Contactor -> 0.0
      76D.37.6104 Open_Contactor_Relay -> 0.0
      76D.38.6104 FRONT_WIPER_ON_OFF_RELAY -> 0.0
      76D.16.6105 AC_valve_duty_cycle -> 0.0
      76D.24.6105 HIGH_BEAM_LEFT -> 0.0
      76D.32.6105 HIGH_BEAM_RIGHT -> 0.0
      76D.40.6105 LOW_BEAM_LEFT_duty_cycle -> 0.0
      76D.48.6105 LOW_BEAM_RIGHT_duty_cycle -> 33.0
      76D.56.6105 DRL_LEFT -> 0.0
      76D.72.6105 DRL_RIGHT -> 0.0
      76D.80.6105 FOG_LAMPS_LEFT -> 0.0
      76D.88.6105 FOG_LAMPS_RIGHT -> 0.0
      76D.96.6105 FBL_LEFT -> 0.0
     76D.104.6105 FBL RIGHT -> 0.0
     76D.112.6105 POSTION_FRONT_LEFT_AND_RIGHT -> 34.0
     76D.120.6105 POSITION_REAR_RIGHT -> 0.0
     76D.128.6105 POSITION -> 0.0
      76D.20.6106 E_B_LCS -> 0.0
      76D.21.6106 C_B_StarterProtection -> 0.0
      76D.22.6106 C_B_VRLA_Batt -> 0.0
      76D.23.6106 C_B_IHMLowBatteryActiv -> 0.0
      76D.24.6106 E_K_CompType -> 192.0
      76D.32.6106 C_B_BDUActivation -> 0.0
      76D.34.6106 C_K_BatteryType -> 2.0
      76D.39.6106 C_B_NeutralContact_Diag -> 0.0
      76D.48.6106 C_K_MechanicalRatio -> 1.83
      76D.56.6106 E_B_FailureInhibition -> 7.106833277205524e+23
     76D.136.6106 E_B_NeutralNeverReachedInhibition -> 0.0
     76D.137.6106 C_K_Low_limit_min -> 0.03
     76D.144.6106 E_B_DRLWithoutPWM -> 0.0
     76D.145.6106 C_K_Low_limit_max -> 0.0
     76D.153.6106 C_K_High_limit_min -> 0.15
     76D.160.6106 C_B_FloatingInhibit -> 0.0
     76D.161.6106 C_K_High_limit_max -> 0.2
     76D.168.6106 E_B_EEM_FailureInhibition -> 228.0
     76D.179.6106 C_B_VehiculeRunning -> 0.0
     76D.180.6106 C_RPM_EngineThreshold -> 800.0
      76D.23.6107 C_TM_LowSpeedWipingProtection -> 30000.0
      76D.29.6107 C_TM_HighSpeedWipingProtection -> 30000.0
      76D.35.6107 C_TM_HighSpeedPeriod_limit_max -> 1900.0
      76D.41.6107 C_TM_LowSpeedPeriod_limit_max -> 2500.0
      76D.47.6107 C_K_Mission -> 36.0
      76D.53.6107 C_Tau_Engine -> 250.0
      76D.61.6107 C_TM_HeadLampFirstWash -> 0.9
      76D.67.6107 C_TM_HeadLampSecondWash -> 30.200000000000003
      76D.76.6107 C_TM_HeadLampStopped -> 0.0
      76D.17.6110 V_B_FloatingActive_status -> 0.0
      76D.18.6110 V_U_alt -> 10.700000000000001
      76D.26.6110 V_U_batt -> 14.3
      76D.32.6110 V_TM_TimeAtOpening_mem -> 33.0
      76D.56.6110 V_B_alt_Fault -> 0.0
      76D.57.6110 V_K_JaugeVT -> 0.0
      76D.64.6110 V_K_BatteryWearCounter_mem -> 25600.0
      76D.80.6110 V_Pct_DF_bss_read -> 0.0
      76D.85.6110 V_K_DefaultNumber -> 0.0
      76D.88.6110 V_K_alt_FaultType -> 0.0
      76D.91.6110 V_I_alt_Rotor_read -> 0.0
      76D.97.6110 V_K_Default_status -> 0.0
      76D.99.6110 AlternatorNumber -> 0.0
     76D.103.6110 Default_Counter -> 0.0
     76D.112.6110 V_K_ComBssNOk_status -> 0.0
      76D.16.6111 LIN_USM_missing -> 207.0
      76D.24.6111 LIN_BCS_missing -> 143.0
      76D.32.6111 LIN_VS1_missing -> 143.0
      76D.40.6111 LIN_VS2_missing -> 143.0
      76D.16.6121 StartingMode_BCM_R -> 0.0
      76D.20.6121 FrontWipingRequest -> 0.0
      76D.23.6121 HeadLampsWasherRequest -> 0.0
      76D.26.6121 DistanceTotalizer -> 46878.16
      76D.54.6121 AbsoluteTimeSince1rstIgnition -> 5454786.0
      76D.78.6121 WakeUpType -> 0.0
      76D.79.6121 PositionLightsRequest -> 0.0
      76D.81.6121 HighBeamRequest -> 0.0
      76D.83.6121 EngineCoolantTemp -> 200.0
      76D.91.6121 VehicleSpeed -> 153.6
     76D.107.6121 EngineFanSpeedRequest -> 0.0
     76D.109.6121 ACCompAuthorized -> 0.0
     76D.110.6121 ACCompClutchRequest -> 0.0
     76D.111.6121 ACCompValveRequest -> 0.08
     76D.119.6121 EngineStatus_R -> 0.0
     76D.121.6121 AllowedPowerGradient -> 1920.0
     76D.129.6121 CrankingAuthorisation_ECM -> 0.0
     76D.131.6121 CrankingAuthorisation_AT -> 0.0
     76D.133.6121 AlternatorMaximumPower -> 600.0
     76D.141.6121 EngineRPM -> 7743.875
     76D.157.6121 ExternalTemp -> -40.0
     76D.165.6121 DeliveryModeInfo -> 0.0
     76D.166.6121 DayRunningLightRequest -> 0.0
     76D.167.6121 DiagMuxOn_BCM -> 0.0
     76D.168.6121 ClutchSwitchMinimumTravel -> 0.0
     76D.170.6121 FrontDefrostRequest -> 0.0
     76D.171.6121 FloatingInhibition -> 0.0
     76D.173.6121 ACCompClutchActivation -> 0.0
     76D.174.6121 VehicleState -> 0.0
     76D.177.6121 VehicleStateSSExtension -> 1.0
     76D.179.6121 GenericApplicativeDiagEnable -> 0.0
     76D.181.6121 BrakeInfoStatus -> 3.0
     76D.184.6121 DriverDoorState -> 0.0
     76D.185.6121 EngineHoodState -> 0.0
     76D.187.6121 AccurateOdometer -> 0.0
     76D.194.6121 MinimumVoltagebyAC -> 11.5
     76D.198.6121 PumpActivationRequest -> 0.0
     76D.200.6121 MinimumVoltagebySteer -> 11.5
     76D.204.6121 DriverSafetyBeltReminder -> 1.0
     76D.208.6121 ABSinRegulation -> 0.0
     76D.210.6121 AYCinRegulation -> 0.0
     76D.211.6121 MSRinRegulation -> 0.0
     76D.212.6121 ABSMalfunction -> 0.0
     76D.213.6121 MinimumVoltagebyECM -> 14.0
     76D.217.6121 AllowedPowerGradientNeg -> 0.0
     76D.225.6121 ECM_StopAutoForbidden -> 0.0
     76D.227.6121 AlternatorOptimumPower -> 1280.0
     76D.235.6121 BatteryChangedActivation -> 0.0
     76D.237.6121 StartAutoSystemFailure -> 0.0
     76D.238.6121 MinimumVoltagebyBCM -> 11.5
     76D.243.6121 CrashDetectionOutOfOrder -> 0.0
      76D.16.6122 StarterStatus -> 0.0
      76D.18.6122 FrontWiperStatus -> 0.0
      76D.21.6122 ACCompClutchStatus -> 0.0
      76D.22.6122 IgnitionSupplyConfirmation -> 0.0
      76D.25.6122 WeakOilPressureWarning -> 0.0
      76D.26.6122 BatteryVoltage -> 13.5625
      76D.34.6122 USM_Refuse_to_Sleep -> 1.0
      76D.36.6122 AlternatorLoad -> 99.21875
      76D.48.6122 CoolingFanSpeedStatus -> 0.0
      76D.50.6122 InstantMechanicalPowerByAlt -> 5400.0
      76D.58.6122 ACCompClutchDefault -> 0.0
      76D.59.6122 ACCompValveCurrent -> 0.0
      76D.66.6122 ACCompValveDefault -> 0.0
      76D.67.6122 BatteryWarning -> 0.0
      76D.70.6122 BDUOpeningAnticipation -> 0.0
      76D.72.6122 MiniConsumptionRequest -> 0.0
      76D.74.6122 IgnitionControlState -> 0.0
      76D.75.6122 FrontDefrostEngaged -> 0.0
      76D.76.6122 NeutralSwitchFaultDisplay -> 0.0
      76D.77.6122 BDUCommandLineFailure -> 0.0
      76D.78.6122 ElecPowerConsumedByAux -> 640.0
      76D.95.6122 BatteryChangedDisplay -> 0.0
      76D.96.6122 TechnicalStartAutoRequest -> 2.0
      76D.98.6122 StopAutoRequest -> 2.0
     76D.100.6122 StartAutoAuthorization -> 0.0
     76D.102.6122 DriverSeatStatus -> 0.0
     76D.104.6122 IdleSpeedInhibitionRequest -> 1.0
     76D.112.6122 SharpInstantMechanicalPowerByAlt -> 1360.0
      76D.16.6123 LastBattSleep -> 11.5
      76D.27.6123 IBattSensor -> 0.0
      76D.40.6123 TBattSensor -> 0.0
      76D.48.6123 BCS_Diag_2 -> 0.0
      76D.49.6123 BCS_Diag_3 -> 0.0
      76D.51.6123 BCS_Diag_5 -> 0.0
      76D.52.6123 Ubattsensor -> 7.28
      76D.63.6123 BCS_Response_Error -> 0.0
      76D.64.6123 BSC_State -> 0.0
      76D.65.6123 VS1_Diag_1 -> 0.0
      76D.66.6123 VS1_Diag_2 -> 0.0
      76D.67.6123 VS1_Diag_3 -> 0.0
      76D.68.6123 VS1_Diag_4 -> 0.0
      76D.69.6123 VS2_Diag_1 -> 0.0
      76D.70.6123 VS2_Diag_2 -> 0.0
      76D.71.6123 VS2_Diag_3 -> 0.0
      76D.72.6123 VS2_Diag_4 -> 0.0
      76D.73.6123 VS1_Conti_1 -> 0.0
      76D.74.6123 VS1_Conti_2 -> 0.0
      76D.75.6123 VS1_Conti_3 -> 0.0
      76D.76.6123 VS1_Conti_4 -> 0.0
      76D.77.6123 VS1_Conti_5 -> 0.0
      76D.78.6123 VS1_Conti_6 -> 0.0
      76D.79.6123 VS1_Conti_7 -> 0.0
      76D.80.6123 VS1_Conti_8 -> 0.0
      76D.81.6123 VS1_Conti_9 -> 0.0
      76D.82.6123 VS2_Conti_1 -> 0.0
      76D.83.6123 VS2_Conti_2 -> 0.0
      76D.84.6123 VS2_Conti_3 -> 0.0
      76D.85.6123 VS2_Conti_4 -> 0.0
      76D.86.6123 VS2_Conti_5 -> 0.0
      76D.87.6123 VS2_Conti_6 -> 0.0
      76D.88.6123 VS2_Conti_7 -> 0.0
      76D.89.6123 VS2_Conti_8 -> 0.0
      76D.90.6123 VS2_Conti_9 -> 0.0
      76D.91.6123 VS1_Response_Error -> 0.0
      76D.92.6123 VS2_Response_Error -> 0.0
      76D.16.6124 BCS_State_Request -> 0.0
      76D.16.6180 PartNumber.LowerPart -> 224180648225.0
      76D.56.6180 DiagnosticIdentificationCode -> 82.0
      76D.64.6180 SupplierNumber.ITG -> 3814449.0
      76D.88.6180 HardwareNumber.LowerPart -> 224146760240.0
     76D.128.6180 SoftwareNumber -> 12336.0
     76D.144.6180 EditionNumber -> 50944.0
     76D.160.6180 CalibrationNumber -> 9312.0
     76D.176.6180 PartNumber.BasicPartList -> 35.0
     76D.184.6180 HardwareNumber.BasicPartList -> 0.0
     76D.192.6180 ApprovalNumber.BasicPartList -> 0.0
     76D.200.6180 ManufacturerIdentificationCode -> 1.0
      76D.16.6181 VIN -> 2.9357585258444954e+40
     76D.152.6181 VIN CRC -> 12595.0
      76D.16.6182 CAN_MessageSet_Ref -> 38149.0
      76D.32.6182 CAN_Bus_OFF_parameter -> 0.0
      76D.40.6182 CAN_Mute_parameter -> 0.0
      76D.48.6182 CAN_ECM_missing -> 33.0
      76D.72.6182 CAN_BCM_missing -> 1.0
      76D.80.6182 CAN_AIRBAG_missing -> 0.0
     76D.112.6182 CAN_TORQUE_AT_missing -> 34.0
      76D.16.6184 traceability_SerialNumber -> 2.2756409753870303e+23
      76D.96.6184 traceability_ManufactureDate -> 62891779764275.0
     76D.144.6184 Traceability_padding -> 825761824.0
      76D.17.6193 SPARE1 -> 0.0
      76D.18.6193 SPARE2 -> 0.0
      76D.19.6193 SPARE3 -> 0.0
      76D.20.6193 SPARE4 -> 0.0
      76D.21.6193 SPARE_RELAY_DRIVER2_DIAG -> 0.0
      76D.22.6193 FAULT_STATUS -> 0.0
      76D.23.6193 SPARE_REALY_DRIVER1_DIAG -> 0.0
      76D.24.6193 VSUP_MSB -> 1.0
      76D.32.6193 VSUP_LSB -> 236.0
      76D.40.6193 VSENSE_MSB -> 0.0
      76D.48.6193 VSENSE_LSB -> 33.0
      76D.56.6193 VTEMP_MSB -> 0.0
      76D.64.6193 VTEMP_LSB -> 1.0
      76D.72.6193 VREF_MSB -> 157.0
      76D.80.6193 VREF_LSB -> 2.0
      76D.88.6193 IDDCOPY_TEST_2 -> 2.0
      76D.96.6193 IDDCOPY_TEST_1 -> 1.0
     76D.104.6193 AWAKE_SIGNAL -> 0.0
      76D.16.6198 Battery_Disconnection_Detection_counter -> 5.0
    76D.24.620400 C_I_IMax -> 1.0213005324104387e+28
    76D.24.620500 C_P_PMecaMax -> 4.3136568981798667e+71
    76D.24.620700 C_Kp_Alt15_Ualt_0 -> 0.3
    76D.24.620701 C_Kp_Alt15_Ualt_1 -> 0.3
    76D.24.620702 C_Kp_Alt15_Ualt_2 -> 0.3
    76D.24.620703 C_Kp_Alt15_Ualt_3 -> 0.3
    76D.24.620704 C_Ki_Alt15_Ualt_0 -> 0.1
    76D.24.620705 C_Ki_Alt15_Ualt_1 -> 0.1
    76D.24.620706 C_Ki_Alt15_Ualt_2 -> 0.1
    76D.24.620707 C_Ki_Alt15_Ualt_3 -> 0.1
    76D.24.620708 C_Tau_Alt15_Ualt_0 -> 0.16
    76D.24.620709 C_Tau_Alt15_Ualt_1 -> 0.16
    76D.24.62070A C_K_res_CCABatterieNominale -> 600.0
    76D.24.62070B C_K_res_CapaciteNominale -> 60.0
    76D.24.62070C C_B_2ndCompInhibition -> 1.0
    76D.24.62070F C_B_ReflexStart -> 0.0
    76D.24.620710 C_Tau_Alt15_Ualt_2 -> 0.16
    76D.24.620711 C_Tau_Alt15_Ualt_3 -> 0.16
    76D.24.620712 V_K_CheckingCounter_status -> 0.0
    76D.24.620713 V_B_OldBattery_status -> 0.0
    76D.24.620716 C1d_U_res_BattThreshold -> 27525520.0
    76D.24.620719 C_U_Floating -> 10.8
    76D.24.62071F C1d_Pct_EngSpeed_Y -> 9.578097228910789e+32
    76D.24.620720 C_Pct_FloatingSOCLow -> 45.0
    76D.24.620721 C_Pct_FloatingSOCHigh -> 47.0
    76D.24.620722 C1d_interESM_X -> 88326562012001.0
    76D.24.620723 C_U_ESM_pt3 -> 10.700000000000001
    76D.24.620724 C_P_alt_min_low_1 -> 40.0
    76D.24.620725 C_P_alt_min_low_2 -> 120.0
    76D.24.620726 C_P_alt_offset_1 -> 240.0
    76D.24.620727 C_P_alt_offset_2 -> 200.0
    76D.24.620728 C_U_ESM_batt_min -> 10.5
    76D.24.620729 C_U_ESM_batt_max -> 11.200000000000001
    76D.24.620730 C_P_alt_min_high -> 200.0
    76D.24.620731 C_UTM_BattHighVoltage_max -> 90.0
    76D.24.620732 C_dU_ESM_pos_limit -> 0.1
    76D.24.620733 C_I_Batt_max -> 10.0
    76D.24.620734 C_dU_ESM_pos -> 2.0
    76D.24.620735 GTNx -> 4261082603.0
    76D.24.620736 APB_Nxx -> 13303193628872.0
    76D.24.620737 C_Pct_SOCCurrent_limp -> 50.0
    76D.24.62073A C_B_CyclingInhibition -> 0.0
    76D.24.62073B C_B_CorrosionInhibition -> 0.0
    76D.24.620749 C_S_VehSpeedStopAuto_min -> 0.0
    76D.24.620750 C_S_VehSpeedStopAuto_max -> 0.0
    76D.24.620751 C_S_VehSpeedStart -> 0.0
    76D.24.620752 C_B_STOPSTARTInhibit -> 0.0
    76D.24.620753 C_B_ESMInhibit -> 0.0
    76D.24.620755 C_B_ETC_present -> 0.0
    76D.24.620756 C_B_InhibitonStrategieProtectionDemarreur -> 0.0
    76D.24.620758 C_B_ClimType -> 0.0
    76D.24.620759 C_B_APBPresent -> 0.0
    76D.24.620761 C_B_SteerPresent -> 0.0
    76D.24.620763 C_B_StopStartStateDisplayRequest -> 0.0
    76D.24.620764 C_B_StopAutoStateDisplayRequest -> 0.0
    76D.24.620765 C_B_Protection_ShowRoom_Enable -> 0.0
    76D.24.620766 C_K_MotorCylinder_status -> 0.0
    76D.24.620767 C_K_MotorType_status -> 0.0
    76D.24.620768 C_B_ResolIrotor_125mA -> 0.0
    76D.24.620769 C_K_LIN_ID0 -> 49.0
    76D.24.620770 C_K_LIN_ID1 -> 50.0
    76D.24.620771 C_K_LIN_ID2 -> 43.0
    76D.24.620772 C_K_LIN_ID3 -> 44.0
    76D.24.620775 E_B_HighBeamWithoutPWM -> 0.0
    76D.24.620776 E_B_FogWithoutPWM -> 0.0
    76D.24.620777 E_B_TAIL1WithoutPWM -> 0.0
    76D.24.620778 E_B_TAIL2WithoutPWM -> 0.0
    76D.24.620779 E_B_TAIL3WithoutPWM -> 0.0
    76D.24.620780 E_B_TAIL4WithoutPWM -> 0.0
    76D.24.620781 E_B_Singlebulb_DRL_Tail -> 0.0
    76D.24.620782 E_B_DRL_with_LED -> 0.0
    76D.24.620783 E_B_TAIL_1_with_LED -> 0.0
    76D.24.620784 E_B_TAIL_2_with_LED -> 0.0
    76D.24.620785 E_B_TAIL_3_with_LED -> 0.0
    76D.24.620786 E_B_TAIL_4_with_LED -> 0.0
    76D.24.620787 C2d_PWM_BULB_XY -> 2.4224900040731644e+22
    76D.24.620788 C2d_PWM_LED_XY -> 2.4225620627667106e+22
    76D.24.620789 C_PWM_adaptation_for_DRL -> 0.5
    76D.24.620790 C_PWM_adaptation_for_DRL_as_Tail -> 0.11
    76D.24.620791 C_PWM_adaptation_for_TAIL_1 -> 0.5
    76D.24.620792 C_PWM_adaptation_for_TAIL_2 -> 0.5
    76D.24.620793 C_PWM_adaptation_for_TAIL_3 -> 0.5
    76D.24.620794 C_PWM_adaptation_for_TAIL_4 -> 0.5
    76D.24.620795 E_B_HW_FailureInhibition -> 15537914111.0
    76D.24.620798 C_TM_RearGearPlausibFailureCp -> 2.0
    76D.24.620799 C_V_RearGearFailVehiclSpeedThres -> 60.0
    76D.24.6207A2 C_TM_SSVSActivationBeforeBoost -> 0.005
    76D.24.6207A3 C_B_SSVSStartMask -> 1.0
    76D.24.6207A4 C_TM_AntMilling -> 2.0
    76D.24.6207A5 C_K_NBR_BRK_1 -> 20.0
    76D.24.6207A6 C_TM_DefautBouton -> 20.0
    76D.24.6207A7 C_TM_DriverSeatToNotSeat_Delay -> 0.5
    76D.24.6207A9 V_U_charge_batt_req -> 14.4
    76D.24.6207AA V_U_Floating_prim -> 14.4
    76D.24.6207AB V_U_interESM_batt_req -> 12.9
    76D.24.6207AC BatteryDischargeByESM_OK -> 0.0
    76D.24.6207AD V_U_ESM_req -> 12.4
    76D.24.6207B0 V_K_CompressionBatM20_Init -> 0.0
    76D.31.6207B1 V_K_Type_ESM_Inhibition -> 84.0
    76D.24.6207B7 V_K_CompressionBatMoy -> 0.0
    76D.24.6207B8 V_K_CompressionBat -> 0.0
    76D.24.6207BA V_K_n -> 0.62
    76D.24.6207BB T_eq_cond -> 10.0
    76D.24.6207BC V_U_batt_desat -> 14.200000000000001
    76D.24.6207BD V_B_Ramp_Detected_status -> 0.0
    76D.24.6207BE V_Pct_SOCInit_est -> 74.82000000000001
    76D.24.6207BF V_C_alt_est -> 0.0
    76D.24.6207C1 ECM_status -> 0.0
    76D.24.6207C2 BCM_status -> 0.0
    76D.24.6207C3 BRAKE_status -> 0.0
    76D.24.6207C4 ECM_updated -> 0.0
    76D.24.6207C5 BCM_updated -> 0.0
    76D.24.6207C6 BRAKE_updated -> 0.0
    76D.24.6207C7 V_U_batt req -> 11.5
    76D.24.6207C8 V_U_alt req -> 10.600000000000001
    76D.26.6207C9 V_K_JaugeVT_mem -> 100.0
    76D.26.6207CA V_Pct_SOCCurrent_est -> 90.0
    76D.24.6207CB V_Temp_Batt_est -> 13.0
    76D.24.6207CC V_K_ESM_status -> 0.0
    76D.24.6207CE V_B_ZoneBatt_OK -> 0.0
    76D.24.6207CF BMS_StopAutoForbidden -> 0.0
    76D.24.6207D0 AlternatorLoad -> 99.21875
    76D.24.6207D1 AbsoluteTimeSince1rstIgnition -> 3916335.0
    76D.24.6207D2 EngineStatus_R -> 0.0
    76D.24.6207D3 BatteryVoltage -> 13.5625
    76D.24.6207D4 VehicleState -> 0.0
    76D.24.6207D5 StopAutoStateDisplayRequest -> 0.0
    76D.24.6207D6 StopStartStateDisplayRequest -> 0.0
    76D.24.6207D8 BatteryChangedDisplay -> 0.0
    76D.24.6207D9 BatteryChangedActivation -> 0.0
    76D.24.6207DA V_K_StopStart_state -> 0.0
    76D.28.6207DB V_K_TypeFailure.Number_of_cycles_Failure -> 0.0
    76D.29.6207DB V_K_TypeFailure.CrashDetection_Failure -> 0.0
    76D.30.6207DB V_K_TypeFailure.CrashDetected_Failure -> 0.0
    76D.31.6207DB V_K_TypeFailure.Bus_OFF_Failure -> 0.0
    76D.24.6207DC CrankingAuthorisation_ECM -> 0.0
    76D.24.6207DE StarterStatus -> 0.0
    76D.24.6207DF StopAutoRequest -> 0.0
    76D.24.6207E0 TechnicalStartAutoRequest -> 0.0
    76D.24.6207E1 BrakeInfoStatus -> 0.0
    76D.24.6207E2 V_K_PSS_ASS -> 0.0
    76D.24.6207E3 DriverDoorState -> 0.0
    76D.24.6207E4 PassengerDoorState -> 0.0
    76D.24.6207E5 DriverSafetyBeltReminder -> 0.0
    76D.24.6207E6 V_K_DriverNappe_sens -> 0.0
    76D.24.6207E7 DriverSeatStatus -> 0.0
    76D.24.6207E8 EngineHoodState -> 0.0
    76D.24.6207E9 StartAutoAuthorization -> 0.0
    76D.24.6207EA VehicleStateSSExtension -> 0.0
    76D.24.6207EB GenericApplicativeDiagEnable -> 0.0
    76D.24.6207EC AC_StopAutoForbidden -> 0.0
    76D.27.6207ED V_K_Type_Stop_Interdiction.StartAutoAuthorization -> 0.0
    76D.28.6207ED V_K_Type_Stop_Interdiction.ETC_Failure -> 0.0
    76D.29.6207ED V_K_Type_Stop_Interdiction.MSRInRegulation -> 0.0
    76D.30.6207ED V_K_Type_Stop_Interdiction.AYCInRegulation -> 0.0
    76D.31.6207ED V_K_Type_Stop_Interdiction.ASRInRegulation -> 0.0
    76D.24.6207EF ClutchSwitchMinimumTravel -> 0.0
    76D.24.6207F0 ClutchSwitchMaximumTravel -> 0.0
    76D.24.6207F1 NeutralContact -> 0.0
    76D.24.6207F2 RearGearEngaged -> 0.0
    76D.24.6207F3 V_B_ParcoursStopAutoOK_status -> 0.0
    76D.24.6207F5 V_B_AppuiBtnConfirmed_status -> 0.0
    76D.24.6207F6 V_K_Activation_driver -> 0.0
    76D.24.6207F7 V_K_CheckingInProgress -> 0.0
    76D.24.6207F8 V_B_EndOfLearning_status -> 0.0
    76D.24.6207F9 V_K_LearningCounter_status -> 0.0
    76D.24.6207FA V_K_StartCounter_status -> 0.0
    76D.24.6207FB V_B_DefautGEE_status -> 0.0
    76D.24.6207FC V_B_ReserveSOC_ESM_OK -> 0.0
    76D.24.6207FD V_B_ReserveSOC_SS_OK -> 0.0
    76D.24.6207FE V_B_TempBattOK -> 0.0
    76D.24.6207FF V_B_ButtonFail_Present_Algo -> 0.0
    76D.24.620804 C_K_NbrOfStartThreshold -> 70000.0
    76D.24.620805 C_B_PositionLights -> 0.0
    76D.24.620808 C_K_CorrosionBatMax -> 9600000.0
    76D.24.620809 C_K_CyclageBatMax -> 100000.0
    76D.24.6208A7 C_U_alt_Start -> 10.700000000000001
    76D.24.6208A8 C_B_ABSMalfunction_Inhibition -> 0.0
    76D.24.6208A9 C_Pct_SOCZoneTravailESM_min -> 80.0
    76D.24.620904 DataRecorderData_04 -> 3.773962229751451e+168
-- USM: 479/608 values

ECU: VFC
-- VFC: 0/0 values

ECU: 
Too many NO_DATA in a row (20). Skipping this ECU.
-- : 0/19 values
Finished scanning ZOE
